,id,original_language,original_title,popularity
0,580489,en,Venom: Let There Be Carnage,5401.308
1,524434,en,Eternals,3365.535
2,438631,en,Dune,2911.423
3,796499,en,Army of Thieves,2552.437
4,550988,en,Free Guy,1850.47
5,574060,en,Gunpowder Milkshake,1453.423
6,335983,en,Venom,1212.352
7,610253,en,Halloween Kills,1023.024
8,871964,pl,W lesie dziś nie zaśnie nikt 2,1089.852
9,768449,en,American Badger,1148.822
10,639721,en,The Addams Family 2,1031.821
11,843241,ja,劇場版 七つの大罪 光に呪われし者たち,1108.815
12,566525,en,Shang-Chi and the Legend of the Ten Rings,1327.18
13,568620,en,Snake Eyes: G.I. Joe Origins,1052.222
14,630004,en,The Vault,1046.86
15,672582,en,The Deep House,848.536
16,760747,no,I onde dager,863.019
17,675319,en,Zone 414,797.785
18,635302,ja,劇場版「鬼滅の刃」無限列車編,897.913
19,645788,en,The Protégé,832.048
20,879163,pt,Peçanha Contra o Animal,943.619
21,589754,ru,Последний богатырь: Корень зла,835.043
22,846167,pl,W jak morderstwo,957.866
23,436969,en,The Suicide Squad,807.497
24,703771,en,Deathstroke: Knights & Dragons - The Movie,787.704
25,459151,en,The Boss Baby: Family Business,
26,820511,en,Ripper Untold,678.956
27,772436,es,Matando Cabos 2: La Máscara del Máscara,693.568
28,385128,en,F9,701.647
29,451048,en,Jungle Cruise,683.909
30,508943,en,Luca,639.636
31,613098,es,Operación Camarón,585.313
32,497698,en,Black Widow,624.488
33,760195,en,Separation,557.939
34,675445,en,PAW Patrol: The Movie,596.854
35,744275,en,After We Fell,625.512
36,839436,en,Dragon Fury,580.002
37,874948,tr,Kin,579.316
38,864873,en,Hypnotic,514.169
39,354912,en,Coco,573.567
40,812204,en,Rock Dog 2: Rock Around the Park,611.612
41,379686,en,Space Jam: A New Legacy,525.266
42,637649,en,Wrath of Man,541.957
43,524369,en,The Many Saints of Newark,593.17
44,777620,en,Caged,475.873
45,831405,en,Injustice,563.221
46,681887,en,Cosmic Sin,503.598
47,337404,en,Cruella,510.735
48,637534,fr,BAC Nord,486.411
49,460465,en,Mortal Kombat,495.192
50,774021,en,Demonic,422.784
51,859041,zh,疯狂的拳头,504.28
52,662708,ja,劇場版ポケットモンスター ココ,510.2
53,588228,en,The Tomorrow War,439.548
54,581726,en,Infinite,430.839
55,631843,en,Old,427.735
56,882206,en,LOL Surprise: The Movie,414.698
57,588921,en,Ainbo: Spirit of the Amazon,400.934
58,726684,fr,"Miraculous World: Shanghai, la légende de Ladydragon",434.458
59,375211,en,Marvel Knights: Eternals,429.973
60,791373,en,Zack Snyder's Justice League,410.965
61,634649,en,Spider-Man: No Way Home,480.702
62,370172,en,No Time to Die,604.254
63,706972,en,Narco Sub,374.848
64,669671,en,Night Teeth,367.303
65,503736,en,Army of the Dead,364.974
66,19995,en,Avatar,374.059
67,619297,en,Sweet Girl,360.21
68,399566,en,Godzilla vs. Kong,393.812
69,767304,en,Redemption Day,360.237
70,525660,cn,真·三国无双,372.423
71,840756,es,Mi otra yo,501.068
72,482373,en,Don't Breathe 2,366.157
73,423108,en,The Conjuring: The Devil Made Me Do It,311.759
74,522402,en,Finch,
75,453354,fr,Ava,367.131
76,725273,en,Solitary,347.349
77,685274,ja,機動戦士ガンダム 閃光のハサウェイ,371.425
78,859860,en,Catch the Bullet,363.643
79,825997,en,Rogue Hostage,340.663
80,755812,fr,"Miraculous World : New York, les héros unis",326.392
81,719164,en,Women,219.924
82,602223,en,The Forever Purge,321.093
83,595743,en,SAS: Red Notice,328.657
84,741636,en,Bloodthirsty,334.459
85,1930,en,The Amazing Spider-Man,369.323
86,641501,fr,Comment je suis devenu super-héros,320.168
87,848278,en,Jurassic Hunt,305.718
88,13811,en,Knowing,314.469
89,813258,en,Monster Pets: A Hotel Transylvania Short,307.614
90,512195,en,Red Notice,282.641
91,672322,ja,るろうに剣心 最終章 The Beginning,310.225
92,592350,ja,僕のヒーローアカデミア THE MOVIE ヒーローズ：ライジング,326.465
93,878962,en,Sharkdog’s Fintastic Halloween,261.208
94,763873,en,Under Wraps,273.852
95,843906,en,Straight Outta Nowhere: Scooby-Doo! Meets Courage the Cowardly Dog,310.694
96,527774,en,Raya and the Last Dragon,308.607
97,299536,en,Avengers: Infinity War,307.188
98,613504,en,After We Collided,299.644
99,539885,en,Ava,302.664
100,597316,en,My Little Pony: A New Generation,316.848
101,522444,en,Black Water: Abyss,274.301
102,680319,en,We Broke Up,272.144
103,458576,en,Monster Hunter,273.173
104,613583,fr,Chacun chez soi,257.834
105,36419,en,After.Life,387.777
106,632357,en,The Unholy,263.412
107,861057,en,Swim,273.818
108,597891,en,Kate,270.225
109,846214,en,"The Simpsons: The Good, the Bart, and the Loki",276.105
110,482321,en,Ron's Gone Wrong,287.164
111,529203,en,The Croods: A New Age,277.639
112,678580,es,El mesero,249.461
113,734265,en,Love Hard,279.451
114,568124,en,Encanto,265.395
115,324786,en,Hacksaw Ridge,233.039
116,839100,ja,ブライト: サムライソウル,240.726
117,20982,ja,劇場版 NARUTO -ナルト- 疾風伝,
118,634528,en,The Marksman,287.586
119,763164,en,Apex,401.393
120,464052,en,Wonder Woman 1984,267.785
121,573164,es,Un rescate de huevitos,268.087
122,520763,en,A Quiet Place Part II,252.028
123,619778,en,Malignant,233.546
124,529106,ru,Майор Гром: Чумной Доктор,248.521
125,729720,fr,Le Dernier Mercenaire,265.12
126,883648,en,Little Big Mouth,239.444
127,739990,en,Nightbooks,227.322
128,857702,en,LEGO Star Wars Terrifying Tales,242.303
129,671,en,Harry Potter and the Philosopher's Stone,234.446
130,315635,en,Spider-Man: Homecoming,266.445
131,385687,en,Fast & Furious 10,211.849
132,880009,es,Catalina la Catrina: especial Día de Muertos,260.402
133,826914,en,Muppets Haunted Mansion,206.82
134,617502,en,Jolt,243.844
135,429617,en,Spider-Man: Far From Home,273.535
136,800497,en,Werewolves Within,225.012
137,537915,en,After,239.301
138,347201,ja,BORUTO -NARUTO THE MOVIE-,229.477
139,587807,en,Tom & Jerry,232.966
140,559,en,Spider-Man 3,236.031
141,585083,en,Hotel Transylvania: Transformania,190.917
142,508442,en,Soul,229.134
143,317442,ja,The Last: Naruto the Movie,244.198
144,567189,en,Tom Clancy's Without Remorse,223.53
145,449406,en,Vivo,208.114
146,719088,ja,イエスかノーか半分か,234.805
147,522241,en,The Courier,224.855
148,637693,en,Spirit Untamed,
149,850818,en,"Barbie: Big City, Big Dreams",216.59
150,882812,es,No me echen ese muerto,173.395
151,581644,en,The Misfits,239.557
152,841755,en,Mortal Kombat Legends: Battle of the Realms,200.515
153,15092,en,Crank: High Voltage,219.241
154,522478,en,Peter Rabbit 2: The Runaway,211.56
155,586047,ko,서복,212.792
156,400160,en,The SpongeBob Movie: Sponge on the Run,200.485
157,559907,en,The Green Knight,197.458
158,597433,en,Beckett,203.703
159,871875,en,Escape The Undertaker,204.213
160,674,en,Harry Potter and the Goblet of Fire,212.082
161,656940,en,Body Brokers,193.708
162,672,en,Harry Potter and the Chamber of Secrets,216.882
163,8960,en,Hancock,226.726
164,585216,en,Escape Room: Tournament of Champions,174.019
165,638045,en,The Toll,200.391
166,25769,en,Carriers,203.334
167,299534,en,Avengers: Endgame,193.86
168,531219,en,Roald Dahl's The Witches,197.823
169,673,en,Harry Potter and the Prisoner of Azkaban,208.631
170,505262,ja,僕のヒーローアカデミア THE MOVIE ～2人の英雄～,220.805
171,740925,en,No One Gets Out Alive,172.059
172,866408,zh,火星异变,213.619
173,24428,en,The Avengers,209.584
174,814780,en,Farm to Fork to Love,194.391
175,102382,en,The Amazing Spider-Man 2,221.297
176,800823,es,A todo tren: destino Asturias,186.728
177,198663,en,The Maze Runner,204.576
178,11932,en,Bride of Chucky,175.452
179,604822,zh,急先锋,188.834
180,11322,en,Public Enemies,165.954
181,431075,en,Polaroid,218.474
182,159211,en,The Haunting of Helena,173.551
183,12445,en,Harry Potter and the Deathly Hallows: Part 2,191.193
184,22894,en,Legion,189.34
185,834404,en,Teen Titans Go! See Space Jam,199.353
186,557,en,Spider-Man,221.416
187,623135,ko,싱크홀,189.962
188,763532,en,Long Story Short,179.125
189,615658,en,Awake,194.284
190,12444,en,Harry Potter and the Deathly Hallows: Part 1,186.846
191,512025,en,There's Someone Inside Your House,181.842
192,767,en,Harry Potter and the Half-Blood Prince,188.106
193,768744,ja,僕のヒーローアカデミア THE MOVIE ワールド ヒーローズ ミッション,184.977
194,653349,en,Vacation Friends,144.236
195,615457,en,Nobody,191.625
196,38234,en,Undisputed III: Redemption,200.045
197,565028,en,Candyman,
198,303857,ja,ドラゴンボールZ 復活の「F」,187.296
199,784500,ja,劇場版 美少女戦士セーラームーンEternal 後編,185.857
200,550205,en,Wish Dragon,182.12
201,773660,es,Este amor es de otro planeta,247.872
202,876576,en,Go! Go! Cory Carson: Chrissy Takes the Wheel,155.155
203,24021,en,The Twilight Saga: Eclipse,183.118
204,337401,en,Mulan,165.655
205,774456,es,García y García,172.079
206,809314,en,Trigger Point,181.905
207,22832,en,Ninja Assassin,158.219
208,618162,en,The Harder They Fall,264.246
209,13475,en,Star Trek,170.815
210,32657,en,Percy Jackson & the Olympians: The Lightning Thief,172.953
211,474350,en,It Chapter Two,165.741
212,393345,en,Cult of Chucky,149.692
213,410113,fr,The Loud House Movie,177.043
214,633515,nl,De Slag om de Schelde,172.669
215,590706,en,Jiu Jitsu,165.469
216,532067,ja,映画 この素晴らしい世界に祝福を！紅伝説,172.811
217,659940,da,Marco effekten,165.433
218,675,en,Harry Potter and the Order of the Phoenix,175.883
219,283566,ja,シン・エヴァンゲリオン劇場版:||,182.942
220,786705,pt,Confissões de Uma Garota Excluída,163.901
221,572154,ja,青春ブタ野郎はゆめみる少女の夢を見ない,168.435
222,91314,en,Transformers: Age of Extinction,166.524
223,848932,en,粉色樱与大眠王,169.603
224,4564,en,Sex and the City,147.048
225,809968,pl,Bartkowiak,151.004
226,347626,en,He's All That,176.343
227,862,en,Toy Story,153.86
228,785516,fr,8 Rue de l'Humanité,134.572
229,10358,en,Zack and Miri Make a Porno,127.583
230,330457,en,Frozen II,166.097
231,4247,en,Scary Movie,143.834
232,10138,en,Iron Man 2,177.523
233,122917,en,The Hobbit: The Battle of the Five Armies,149.368
234,372058,ja,君の名は。,154.252
235,293660,en,Deadpool,139.535
236,581387,ko,백두산,160.747
237,808023,en,The Virtuoso,143.514
238,335797,en,Sing,154.993
239,646207,en,The Ice Road,151.124
240,723072,en,Host,143.281
241,99861,en,Avengers: Age of Ultron,139.577
242,553604,en,Honest Thief,141.884
243,591273,en,Fear Street: 1994,137.655
244,743439,en,PAW Patrol: Jet to the Rescue,157.469
245,607259,en,Fatherhood,140.428
246,675024,es,El Exorcismo de Carmen Farías,134.901
247,384018,en,Fast & Furious Presents: Hobbs & Shaw,145.33
248,14869,en,G.I. Joe: The Rise of Cobra,146.299
249,811367,en,22 vs. Earth,157.116
250,659954,fr,Azor,143.506
251,571891,ja,劇場版 ポケットモンスター ミュウツーの逆襲 EVOLUTION,171.112
252,324857,en,Spider-Man: Into the Spider-Verse,162.399
253,72331,en,Abraham Lincoln: Vampire Hunter,153.492
254,583081,en,Warning,145.949
255,741074,en,Once Upon a Snowman,164.474
256,39254,en,Real Steel,151.173
257,136797,en,Need for Speed,112.352
258,138843,en,The Conjuring,129.537
259,10196,en,The Last Airbender,133.331
260,602734,en,Spiral: From the Book of Saw,143.703
261,43347,en,Love & Other Drugs,130.559
262,214756,en,Ted 2,143.756
263,18785,en,The Hangover,139.259
264,27578,en,The Expendables,131.546
265,68726,en,Pacific Rim,135.647
266,27205,en,Inception,144.741
267,9479,en,The Nightmare Before Christmas,136.45
268,24418,en,Cirque du Freak: The Vampire's Assistant,145.311
269,875460,es,Cato,155.765
270,11249,en,Seed of Chucky,124.59
271,590995,en,The Craft: Legacy,214.36
272,776909,es,Fuimos canciones,130.055
273,10585,en,Child's Play,139.534
274,585,en,"Monsters, Inc.",155.086
275,57214,en,Project X,132.264
276,769749,en,Finding You,141.589
277,412656,en,Chaos Walking,130.785
278,1865,en,Pirates of the Caribbean: On Stranger Tides,164.123
279,8587,en,The Lion King,135.559
280,72190,en,World War Z,118.892
281,333339,en,Ready Player One,130.46
282,301528,en,Toy Story 4,123.399
283,400155,en,Hotel Transylvania 3: Summer Vacation,133.111
284,216015,en,Fifty Shades of Grey,141.527
285,34851,en,Predators,131.253
286,38575,en,The Karate Kid,133.142
287,630586,en,Wrong Turn,120.944
288,630520,es,La noche mágica,
289,228150,en,Fury,142.06
290,118406,ja,Road to Ninja: Naruto the Movie,133.295
291,75624,ja,劇場版 NARUTO -ナルト- ブラッド・プリズン,127.505
292,730840,en,Trollhunters: Rise of the Titans,130.153
293,340102,en,The New Mutants,127.816
294,808,en,Shrek,144.217
295,860425,es,Sinaliento,123.674
296,716594,en,No Man of God,131.981
297,98566,en,Teenage Mutant Ninja Turtles,121.653
298,578701,en,Those Who Wish Me Dead,130.33
299,854535,en,The Legacy of Chucky,114.749
300,631132,ja,ゴブリンスレイヤー -GOBLIN'S CROWN-,138.039
301,14161,en,2012,135.783
302,3933,en,Corpse Bride,120.776
303,44571,en,The King of Fighters,119.792
304,676845,es,Juega Conmigo,115.134
305,775996,en,Outside the Wire,132.287
306,438695,en,Sing 2,117.07
307,425909,en,Ghostbusters: Afterlife,147.716
308,878231,en,The Secret Lives of College Freshmen,127.76
309,10195,en,Thor,136.338
310,788905,es,A un paso de mí,131.952
311,50546,en,Just Go with It,129.168
312,533642,en,Child's Play,119.218
313,284053,en,Thor: Ragnarok,131.502
314,72545,en,Journey 2: The Mysterious Island,128.153
315,662237,ko,새콤달콤,136.04
316,157336,en,Interstellar,116.046
317,23168,en,The Town,119.717
318,534,en,Terminator Salvation,140.259
319,33273,es,Celda 211,125.665
320,30767,en,Eternal,120.275
321,602063,ja,るろうに剣心 最終章 The Final,120.346
322,119450,en,Dawn of the Planet of the Apes,114.003
323,727745,en,The Kissing Booth 3,131.877
324,560144,en,Skylines,124.425
325,885110,en,Amina,186.998
326,18823,en,Clash of the Titans,134.318
327,481084,en,The Addams Family,116.563
328,22803,en,Law Abiding Citizen,138.868
329,475557,en,Joker,116.462
330,792657,en,Safer at Home,109.528
331,259693,en,The Conjuring 2,101.648
332,796428,en,Madres,121.017
333,228326,en,The Book of Life,122.104
334,578908,en,Bad Trip,123.69
335,400535,en,Sicario: Day of the Soldado,112.159
336,440249,en,After Porn Ends 2,129.369
337,592656,en,Brothers by Blood,114.855
338,106646,en,The Wolf of Wall Street,127.565
339,70981,en,Prometheus,109.482
340,271110,en,Captain America: Civil War,120.428
341,577922,en,Tenet,132.599
342,337167,en,Fifty Shades Freed,124.672
343,793723,fr,Sentinelle,114.789
344,568160,ja,天気の子,
345,593910,en,Cinderella,109.329
346,809,en,Shrek 2,124.478
347,669659,en,Best Sellers,97.152
348,595280,es,Distancia de rescate,112.679
349,804435,en,Vanquish,128.132
350,681019,pl,W lesie dziś nie zaśnie nikt,115.017
351,864388,tr,Mickey's Tale of Two Witches,177.282
352,580532,en,Crisis,101.411
353,7182,en,Venom,106.563
354,17654,en,District 9,111.488
355,18240,en,The Proposal,115.539
356,260346,en,Taken 3,128.222
357,649409,en,No Sudden Move,91.432
358,28510,en,Universal Soldier: Regeneration,113.026
359,335988,en,Transformers: The Last Knight,114.472
360,9637,en,Scooby-Doo,120.75
361,645710,en,The Voyeurs,95.844
362,337339,en,The Fate of the Furious,100.659
363,7445,en,Brothers,86.645
364,45682,zh,Xun zhao Cheng Long,118.653
365,863,en,Toy Story 2,125.459
366,425,en,Ice Age,126.211
367,378064,ja,映画 聲の形,132.05
368,284052,en,Doctor Strange,115.596
369,381749,it,Porno & Libertà,122.833
370,307081,en,Southpaw,105.745
371,778657,es,Destello Bravío,120.253
372,316727,en,The Purge: Election Year,106.161
373,49529,en,John Carter,115.257
374,57165,en,Wrath of the Titans,105.074
375,643586,en,Willy's Wonderland,108.006
376,857910,es,Lokillo: nada es igual,97.682
377,812456,en,Barbie & Chelsea: The Lost Birthday,106.542
378,454626,en,Sonic the Hedgehog,124.308
379,177572,en,Big Hero 6,109.657
380,167032,en,Curse of Chucky,96.24
381,801335,en,Girl in the Basement,
382,383498,en,Deadpool 2,111.516
383,348893,en,Boyka: Undisputed IV,116.227
384,617708,es,La Llorona,90.234
385,44943,en,Battle: Los Angeles,115.452
386,8871,en,How the Grinch Stole Christmas,122.213
387,42194,en,TEKKEN,101.66
388,131631,en,The Hunger Games: Mockingjay - Part 1,105.522
389,778552,en,The Penitent Thief,115.977
390,49530,en,In Time,99.952
391,581392,ko,반도,112.928
392,786300,en,Tentacles,93.795
393,442249,en,The First Purge,106.14
394,254128,en,San Andreas,109.152
395,45243,en,The Hangover Part II,100.411
396,439079,en,The Nun,96.872
397,1726,en,Iron Man,98.686
398,76492,en,Hotel Transylvania,101.384
399,26123,en,American Pie Presents: The Book of Love,117.752
400,888917,fr,Les Rois de l'arnaque,115.384
401,495764,en,Birds of Prey (and the Fantabulous Emancipation of One Harley Quinn),109.157
402,44251,ja,ドラゴンボールＺ 危険なふたり！超戦士はねむれない,111.569
403,398818,en,Call Me by Your Name,117.179
404,520946,en,100% Wolf,109.35
405,2062,en,Ratatouille,107.165
406,366170,ja,遊☆戯☆王 THE DARK SIDE OF DIMENSIONS,106.812
407,632632,ja,映画 ギヴン,115.335
408,109445,en,Frozen,112.116
409,14849,en,Dead Like Me: Life After Death,96.973
410,604360,ko,제8일의 밤,101.97
411,714968,en,Plan A,158.725
412,847981,de,Schwarze Insel,93.971
413,617653,en,The Last Duel,111.097
414,38055,en,Megamind,105.316
415,49051,en,The Hobbit: An Unexpected Journey,107.123
416,736069,en,Justice Society: World War II,98.108
417,14836,en,Coraline,111.854
418,785539,en,Resort to Love,100.284
419,4258,en,Scary Movie 5,100.035
420,283995,en,Guardians of the Galaxy Vol. 2,92.961
421,805051,en,Smelliville,107.299
422,324552,en,John Wick: Chapter 2,109.503
423,689249,es,La Casa de Papel: el fenómeno,107.516
424,595172,en,The Pilgrim's Progress,90.879
425,68721,en,Iron Man 3,109.815
426,11186,en,Child's Play 2,109.348
427,27576,en,Salt,111.486
428,34433,ja,ドラゴンボールＺ 燃え尽きろ!!熱戦・烈戦・超激戦,112.958
429,9820,en,The Parent Trap,108.251
430,55846,en,Blitz,103.325
431,420809,en,Maleficent: Mistress of Evil,86.477
432,615678,en,Thunder Force,98.333
433,576393,zh,一吻定情,88.894
434,120,en,The Lord of the Rings: The Fellowship of the Ring,100.529
435,158011,en,The Call,83.301
436,512200,en,Jumanji: The Next Level,96.802
437,581389,ko,승리호,106.984
438,606523,ko,낙원의 밤,98.945
439,677638,en,We Bare Bears: The Movie,111.927
440,483898,en,50 Greatest Harry Potter Moments,92.859
441,118,en,Charlie and the Chocolate Factory,116.162
442,736074,en,"Batman: The Long Halloween, Part Two",121.797
443,87101,en,Terminator Genisys,110.469
444,793002,en,Dreamcatcher,87.409
445,225886,en,Sex Tape,99.58
446,655431,ja,PSYCHO-PASS サイコパス 3 FIRST INSPECTOR,107.407
447,460458,en,Resident Evil: Welcome to Raccoon City,88.822
448,44912,en,Green Lantern,101.214
449,296096,en,Me Before You,97.535
450,20533,en,Jonah Hex,108.923
451,536841,es,Diego Maradona,88.424
452,651571,en,Breach,97.208
453,4248,en,Scary Movie 2,92.5
454,658558,ja,劇場版 巨蟲列島,118.732
455,424139,en,Halloween,94.627
456,59440,en,Warrior,140.066
457,13448,en,Angels & Demons,106.651
458,281338,en,War for the Planet of the Apes,83.448
459,622386,en,Tiffany + Chucky,95.705
460,587996,es,Bajocero,96.349
461,663558,zh,新神榜：哪吒重生,101.09
462,22,en,Pirates of the Caribbean: The Curse of the Black Pearl,110.921
463,684281,en,Adventures of a Mathematician,
464,45610,en,Machine Gun Preacher,104.67
465,198184,en,Chappie,95.834
466,458156,en,John Wick: Chapter 3 - Parabellum,115.765
467,48138,en,Unknown,94.122
468,23988,en,Stan Helsing,87.419
469,749274,en,Cry Macho,94.288
470,50620,en,The Twilight Saga: Breaking Dawn - Part 2,101.074
471,567748,en,The Guilty,93.318
472,37686,en,Super 8,92.013
473,126963,ja,ドラゴンボールZ 神と神,99.96
474,486589,en,Red Shoes and the Seven Dwarfs,99.323
475,50723,ja,劇場版 NARUTO -ナルト- 疾風伝 ザ・ロストタワー,97.24
476,667757,es,El prófugo,99.208
477,618353,en,Batman: Death in the Family,107.95
478,674164,en,Return of Chucky,84.368
479,76338,en,Thor: The Dark World,96.827
480,739542,en,America: The Motion Picture,98.542
481,75174,en,The Grey,83.368
482,284054,en,Black Panther,95.125
483,839440,en,Dinosaur Hotel,94.71
484,23629,en,Sucker Punch,91.55
485,649087,sv,Red Dot,90.161
486,35,en,The Simpsons Movie,102.162
487,285,en,Pirates of the Caribbean: At World's End,103.797
488,9543,en,Prince of Persia: The Sands of Time,101.593
489,597,en,Titanic,94.235
490,38365,en,Grown Ups,98.326
491,615677,en,We Can Be Heroes,97.081
492,10201,en,Yes Man,94.058
493,8966,en,Twilight,99.856
494,24752,ja,Doragon bôru Z 5: Tobikkiri no saikyô tai saikyô,92.233
495,874965,de,Du Sie Er & Wir,93.729
496,336843,en,Maze Runner: The Death Cure,84.838
497,72105,en,Ted,101.173
498,11224,en,Cinderella,92.807
499,785752,en,Intrusion,93.456
500,779202,pt,Terapia do Medo,79.967
501,12429,ja,崖の上のポニョ,90.365
502,576845,en,Last Night in Soho,88.37
503,654028,en,The Christmas Chronicles: Part Two,101.772
504,396535,ko,부산행,98.877
505,57158,en,The Hobbit: The Desolation of Smaug,94.336
506,102651,en,Maleficent,86.02
507,544401,en,Cherry,92.247
508,36728,ja,劇場版 NARUTO -ナルト- 疾風伝 火の意志を継ぐ者,93.894
509,16996,en,17 Again,86.823
510,375846,en,Bad Sister,78.021
511,60304,en,Hansel & Gretel: Witch Hunters,83.4
512,787009,en,Stay Out of the Attic,80.706
513,698320,en,The Mad Hatter,78.535
514,644083,en,Twist,100.902
515,82675,en,Taken 2,98.855
516,591275,en,Fear Street: 1666,100.608
517,447404,en,Pokémon Detective Pikachu,93
518,607383,en,Aquaslash,92.067
519,82690,en,Wreck-It Ralph,88.172
520,1771,en,Captain America: The First Avenger,92.892
521,602269,en,The Little Things,93.78
522,645856,en,The Seventh Day,85.071
523,11187,en,Child's Play 3,85.613
524,360920,en,The Grinch,108.579
525,10144,en,The Little Mermaid,102.5
526,16869,en,Inglourious Basterds,115.552
527,37724,en,Skyfall,119.752
528,441168,en,From Straight A's to XXX,94.153
529,536728,en,The Space Between,92.4
530,345940,en,The Meg,91.212
531,126889,en,Alien: Covenant,84.204
532,819413,zh,八月未央,104.663
533,122,en,The Lord of the Rings: The Return of the King,93.118
534,400928,en,Gifted,76.165
535,12,en,Finding Nemo,82.071
536,50253,ja,聖闘士星矢 天界編 序奏 ~overture~,91.69
537,47971,en,xXx: Return of Xander Cage,95.781
538,953,en,Madagascar,82.367
539,49026,en,The Dark Knight Rises,82.767
540,159824,en,Hotel Transylvania 2,84.767
541,523931,en,Megalodon,81.889
542,43074,en,Ghostbusters,91.185
543,158015,en,The Purge,82.329
544,341174,en,Fifty Shades Darker,102.283
545,420818,en,The Lion King,103.805
546,715658,en,The Scientist,80.275
547,109439,en,The Hangover Part III,85.173
548,37834,en,Knight and Day,76.641
549,554596,es,No Manches Frida 2,81.456
550,209112,en,Batman v Superman: Dawn of Justice,84.219
551,41630,en,No Strings Attached,93.973
552,793147,zh,余生，请多指教,98.214
553,671583,en,Upside-Down Magic,87.357
554,121,en,The Lord of the Rings: The Two Towers,89.91
555,8355,en,Ice Age: Dawn of the Dinosaurs,89.998
556,841,en,Dune,87.574
557,10674,en,Mulan,94.011
558,10193,en,Toy Story 3,82.89
559,785544,cs,ボクたちはみんな大人になれなかった,133.274
560,58,en,Pirates of the Caribbean: Dead Man's Chest,107.364
561,647302,en,Benny Loves You,90.52
562,190859,en,American Sniper,88.398
563,496243,ko,기생충,96.306
564,875828,en,Untitled Peaky Blinders Film,100.232
565,591274,en,Fear Street: 1978,86.548
566,531499,en,The Tax Collector,93.986
567,610150,ja,ドラゴンボール超：スーパーヒーロー,88.668
568,9023,en,Spirit: Stallion of the Cimarron,91.239
569,720026,en,Butchers,83.072
570,294254,en,Maze Runner: The Scorch Trials,84.993
571,11688,en,The Emperor's New Groove,87.316
572,736073,en,"Batman: The Long Halloween, Part One",107.078
573,262500,en,Insurgent,81.546
574,17134,en,12 Rounds,89.693
575,19908,en,Zombieland,89.286
576,37645,fr,L'Immortel,82.973
577,820232,ja,鬼滅の刃 兄妹の絆,92.484
578,50619,en,The Twilight Saga: Breaking Dawn - Part 1,90.295
579,630240,fr,Titane,92.889
580,61979,es,Tres metros sobre el cielo,96.784
581,676842,es,Después de ti,86.235
582,11699,en,Bad Lieutenant: Port of Call - New Orleans,95.658
583,718867,en,The Larva Island Movie,86.144
584,49521,en,Man of Steel,82.456
585,521029,en,Annabelle Comes Home,81.547
586,579047,en,Reminiscence,92.703
587,8920,en,Garfield,90.276
588,743904,en,"Curious George: Go West, Go Wild",89.346
589,585245,en,Clifford the Big Red Dog,128.713
590,168259,en,Furious 7,93.407
591,714277,es,La funeraria,76.623
592,522931,en,Hitman's Wife's Bodyguard,111.297
593,138103,en,The Expendables 3,75.656
594,43549,en,The Experiment,82.002
595,44263,cn,全城戒備,84.376
596,193893,en,Let's Be Cops,94.691
597,232672,en,Blended,85.083
598,10729,en,Quick Change,71.162
599,539892,en,Freaks,79.211
600,39513,en,Paul,77.586
601,772,en,Home Alone 2: Lost in New York,88.518
602,691179,en,Friends: The Reunion,73.955
603,273481,en,Sicario,77.598
604,39106,ja,ドラゴンボールＺ 超戦士撃破!!勝のはオレだ,94.571
605,763788,en,Dangerous,81.639
606,447332,en,A Quiet Place,71.674
607,9732,en,The Lion King II: Simba's Pride,87.907
608,411,en,"The Chronicles of Narnia: The Lion, the Witch and the Wardrobe",86.457
609,817451,en,Endangered Species,86.198
610,34813,en,The Losers,91.914
611,381289,en,A Dog's Purpose,76.215
612,802504,nl,Just Say Yes,82.043
613,351694,zh,西游记之大圣归来,77.956
614,608804,pt,A Menina Que Matou os Pais,86.329
615,683127,ja,アーヤと魔女,76.883
616,484718,en,Coming 2 America,83.631
617,721656,en,"Happy Halloween, Scooby-Doo!",91.185
618,345938,en,The Shack,73.591
619,616851,en,Untitled 'The Walking Dead' Film,82.87
620,287947,en,Shazam!,85.783
621,853588,de,Prey,78.895
622,76757,en,Jupiter Ascending,83.972
623,680531,fr,Le bal des folles,
624,760883,de,Blood Red Sky,78.326
625,6466,en,Freddy vs. Jason,72.234
626,11674,en,101 Dalmatians,86.019
627,763149,en,Aftermath,70.788
628,246655,en,X-Men: Apocalypse,78.541
629,77338,fr,Intouchables,83.726
630,299537,en,Captain Marvel,89.442
631,187017,en,22 Jump Street,73.496
632,286217,en,The Martian,75.018
633,9806,en,The Incredibles,82.059
634,49519,en,The Croods,79.704
635,767504,en,Black as Night,90.634
636,19994,en,Jennifer's Body,75.333
637,71676,en,Ghost Rider: Spirit of Vengeance,81.726
638,553301,en,Your Name,98.507
639,23047,en,Season of the Witch,85.61
640,351286,en,Jurassic World: Fallen Kingdom,77.339
641,260513,en,Incredibles 2,79.377
642,662546,en,Godmothered,83.007
643,504253,ja,君の膵臓をたべたい,68.613
644,636879,en,A Nun's Curse,66.21
645,260514,en,Cars 3,83.148
646,817566,es,Solo una vez,81.647
647,20222,es,Sexo con amor,75.435
648,14160,en,Up,82.286
649,749618,es,El camino de Xico,74.511
650,3170,en,Bambi,79.123
651,37786,en,Sex and the City 2,77.925
652,9502,en,Kung Fu Panda,83.023
653,135397,en,Jurassic World,79.276
654,23823,en,Wrong Turn 3: Left for Dead,76.17
655,157350,en,Divergent,77.075
656,249070,en,Hitman: Agent 47,83.864
657,667520,ja,泣きたい私は猫をかぶる,76.534
658,335984,en,Blade Runner 2049,66.808
659,530079,ja,きみと、波にのれたら,80.365
660,602288,ko,여고괴담 여섯번째 이야기: 모교,79.88
661,49849,en,Cowboys & Aliens,71.58
662,75656,en,Now You See Me,85.28
663,117251,en,White House Down,77.476
664,197158,pt,Pornô!,88.33
665,775943,es,Llanto Maldito,119.624
666,616651,en,Stillwater,73.947
667,265208,en,Wild Card,64.141
668,206647,en,Spectre,110.665
669,404368,en,Ralph Breaks the Internet,80.184
670,14306,en,Marley & Me,75.306
671,665251,ja,オルタード・カーボン：リスリーブド,93.033
672,433422,ja,劇場版 FAIRY TAIL 『DRAGON CRY』,90.944
673,436931,ja,劇場版 ポケットモンスター キミにきめた！,79.994
674,681260,en,Maya the Bee: The Golden Orb,77.902
675,64635,en,Total Recall,75.182
676,74513,fr,Forces spéciales,89.43
677,10202,en,Bedtime Stories,72.573
678,38700,en,Bad Boys for Life,77.044
679,30789,en,Venom,64.197
680,412117,en,The Secret Life of Pets 2,77.592
681,265712,ja,STAND BY ME ドラえもん,80.677
682,408,en,Snow White and the Seven Dwarfs,79.049
683,18095,ja,ドラゴンボールGT 悟空外伝! 勇気の証しは四星球(スーシンチュウ),85.137
684,800305,pt,O Menino Que Matou Meus Pais,78.527
685,509635,en,Alone,73.648
686,788929,is,Dýrið,70.048
687,13971,en,Wild Child,75.028
688,621870,en,Secret Society of Second Born Royals,82.866
689,166426,en,Pirates of the Caribbean: Dead Men Tell No Tales,95.012
690,42684,en,Skyline,71.804
691,454983,en,The Kissing Booth,82.912
692,119698,en,The Dinosaur Project,63.75
693,726739,en,Cats & Dogs 3: Paws Unite,76.081
694,20526,en,TRON: Legacy,83.204
695,268896,en,Pacific Rim: Uprising,78.562
696,522938,en,Rambo: Last Blood,73.971
697,613200,zh,全职高手之巅峰荣耀,83.69
698,19840,en,"I Love You, Beth Cooper",69.49
699,270946,en,Penguins of Madagascar,84.255
700,16995,en,State of Play,80.719
701,37430,en,Conan the Barbarian,82.166
702,396422,en,Annabelle: Creation,75.165
703,62211,en,Monsters University,77.608
704,11970,en,Hercules,71.102
705,17581,ja,劇場版 NARUTO -ナルト- 疾風伝 絆,78.683
706,39101,ja,ドラゴンボールZ 地球まるごと超決戦,80.178
707,446893,en,Trolls World Tour,80.845
708,51876,en,Limitless,74.01
709,709629,es,Guerra de Likes,70.438
710,240832,en,Lucy,66.751
711,768334,it,A Classic Horror Story,75.424
712,853088,en,Happier Than Ever: A Love Letter to Los Angeles,77.252
713,9552,en,The Exorcist,68.992
714,150540,en,Inside Out,74.044
715,150689,en,Cinderella,78.934
716,297761,en,Suicide Squad,76.03
717,10567,en,Dinosaur,72.501
718,76163,en,The Expendables 2,67.1
719,136418,en,Hummingbird,77.843
720,52520,en,Underworld: Awakening,69.313
721,719923,ko,TXT (투모로우바이투게더) 'Eternally',69.673
722,391757,en,Never Back Down: No Surrender,66.838
723,364689,en,Ferdinand,74.041
724,597398,en,Away,72.848
725,21208,en,Orphan,67.704
726,46528,en,The Warrior's Way,73.801
727,184345,en,A Haunted House 2,64.251
728,526896,en,Morbius,65.783
729,139038,en,A Haunted House,62.753
730,10521,en,Bride Wars,70.737
731,48340,en,Sanctum,69.482
732,37135,en,Tarzan,73.426
733,594328,en,Phineas and Ferb: The Movie: Candace Against the Universe,70.451
734,179826,en,Odd Thomas,68.412
735,34544,en,The A-Team,80.338
736,871858,en,Justin Bieber: Our World,74.099
737,4256,en,Scary Movie 3,68.507
738,346910,en,The Predator,62.569
739,778814,en,Daisy Quokka: World's Scariest Animal,92.063
740,427641,en,Rampage,67.007
741,10895,en,Pinocchio,78.323
742,38757,en,Tangled,77.523
743,259316,en,Fantastic Beasts and Where to Find Them,81.471
744,1579,en,Apocalypto,68.455
745,453071,ja,ナルトが火影になった日,76.611
746,797394,ru,"Ганзель, Гретель и Агентство Магии",77.918
747,575088,ru,Яга. Кошмар тёмного леса,70.117
748,553835,ja,劇場版 ダンジョンに出会いを求めるのは間違っているだろうか -オリオンの矢-,83.852
749,514439,en,Breakthrough,72.587
750,105965,en,Beverly Hills Chihuahua 3: Viva la Fiesta!,80.521
751,11544,en,Lilo & Stitch,74.064
752,61927,en,Porno Unplugged,80.537
753,39104,ja,ドラゴンボールＺ 極限バトル！三大超サイヤ人,75.544
754,18239,en,The Twilight Saga: New Moon,78.69
755,20048,en,Confessions of a Shopaholic,75.433
756,10009,en,Brother Bear,71.226
757,682254,en,Scooby-Doo! The Sword and the Scoob,76.096
758,522518,en,A Dog's Journey,63.029
759,573699,zh,白蛇：缘起,67.775
760,246464,ja,そらのおとしものFinal 永遠の私の鳥籠,72.172
761,433945,ja,東京喰種 トーキョーグール,76.959
762,9487,en,A Bug's Life,77.149
763,37710,en,The Tourist,71.986
764,93456,en,Despicable Me 2,77.273
765,272818,en,Monstruosamente Solo,73.741
766,184315,en,Hercules,72.559
767,761388,en,Lady of the Manor,53.959
768,49444,en,Kung Fu Panda 2,69.645
769,27581,en,The Other Guys,72.393
770,146233,en,Prisoners,76.372
771,109418,en,Grown Ups 2,77.563
772,587496,en,The Rental,66.619
773,39105,ja,ドラゴンボールZ 銀河ギリギリ!! ぶっちぎりの凄い奴,77.856
774,81796,en,Lockout,64.097
775,39100,ja,ドラゴンボールZ この世で一番強いヤツ,79.839
776,156022,en,The Equalizer,75.165
777,102899,en,Ant-Man,74.888
778,420817,en,Aladdin,78.481
779,560050,en,Over the Moon,77.023
780,480530,en,Creed II,71.228
781,375794,es,No Manches Frida,70.515
782,39103,ja,ドラゴンボールZ 激突!!100億パワーの戦士たち,78.001
783,533535,en,Deadpool 3,70.498
784,6499,en,Turbo: A Power Rangers Movie,79.74
785,567006,ja,甲鉄城のカバネリ～海門決戦～,82.218
786,13186,en,Wrong Turn 2: Dead End,64.739
787,706545,en,Introducing Chucky: The Making of Child's Play,61.352
788,129,ja,千と千尋の神隠し,72.923
789,169917,en,A Walk Among the Tombstones,68.008
790,12230,en,One Hundred and One Dalmatians,70.879
791,49013,en,Cars 2,77.63
792,76726,en,Chronicle,68.619
793,338967,en,Zombieland: Double Tap,75.829
794,76341,en,Mad Max: Fury Road,74.41
795,176,en,Saw,65.499
796,950,en,Ice Age: The Meltdown,75.846
797,23631,en,Machete,71.639
798,84354,es,Joven y alocada,66.015
799,269149,en,Zootopia,72.082
800,583833,ru,Пальма,64.682
801,10192,en,Shrek Forever After,71.574
802,263115,en,Logan,80.578
803,238636,en,The Purge: Anarchy,69.554
804,865140,es,Chilangolandia,71.487
805,11430,en,The Lion King 1½,66.753
806,297762,en,Wonder Woman,69.344
807,313297,en,Kubo and the Two Strings,74.374
808,668780,pt,Quem Vai Ficar com Mário?,61.676
809,8363,en,Superbad,65.915
810,51620,en,Death Race 2,79.603
811,346364,en,It,67.795
812,823855,en,I Am All Girls,70.315
813,381288,en,Split,71.342
814,5255,en,The Polar Express,83.576
815,49018,en,Insidious,64.575
816,105864,en,The Good Dinosaur,65.366
817,200085,ko,감기,58.644
818,58857,ja,十三人の刺客,68.629
819,51608,ko,아저씨,69.125
820,374205,ja,ワンピース　フィルム GOLD,69.876
821,480157,en,House of the Witch,59.086
822,390043,en,The Hitman's Bodyguard,65.691
823,11360,en,Dumbo,75.479
824,712121,pl,Sweat,71.775
825,20662,en,Robin Hood,81.615
826,738215,en,Barbie: Princess Adventure,66.341
827,726429,es,Xtremo,71.165
828,127585,en,X-Men: Days of Future Past,71.64
829,835739,en,Super Monsters: Once Upon a Rhyme,81.791
830,7446,en,Tropic Thunder,54.225
831,10020,en,Beauty and the Beast,73.397
832,38322,en,"Big Mommas: Like Father, Like Son",62.697
833,14164,en,Dragonball Evolution,75.676
834,9948,en,The Fox and the Hound 2,77.971
835,763240,en,Sugar Daddy,65.843
836,300669,en,Don't Breathe,72.706
837,450465,en,Glass,59.904
838,12153,en,White Chicks,64.214
839,480414,en,The Curse of La Llorona,63.881
840,756,en,Fantasia,74.161
841,810,en,Shrek the Third,71.352
842,766680,en,Sexo,60.665
843,583083,en,The Kissing Booth 2,72.461
844,747984,ko,불어라 검풍아,74.886
845,58595,en,Snow White and the Huntsman,66.82
846,522406,en,Flashback,73.703
847,570269,ja,劇場版トリニティセブン -天空図書館と真紅の魔王-,74.752
848,134374,en,Pain & Gain,71.538
849,13640,en,Superman: Doomsday,60.823
850,64690,en,Drive,64.81
851,573680,en,The Banishing,62.811
852,503314,ja,ドラゴンボール超スーパー ブロリー,69.543
853,504175,en,Chucky's Vacation Slides,69.262
854,644092,en,Finding 'Ohana,62.587
855,19899,en,Couples Retreat,66.014
856,223702,en,Sausage Party,67.664
857,652004,en,The Wolf of Snow Hollow,61.224
858,8922,en,Jeepers Creepers,61.379
859,24593,en,Thinking XXX,73.315
860,470044,en,The Hate U Give,99.513
861,569094,en,Spider-Man: Across the Spider-Verse,75.702
862,10198,en,The Princess and the Frog,67.269
863,75948,zh,白蛇传说,62.614
864,242582,en,Nightcrawler,59.561
865,124905,en,Godzilla,69.375
866,181812,en,Star Wars: The Rise of Skywalker,71.676
867,72431,en,Red Tails,55.302
868,280002,en,The Remaining,64.053
869,633954,fr,Le guide de la famille parfaite,57.537
870,14405,en,Beverly Hills Chihuahua,62.931
871,363088,en,Ant-Man and the Wasp,67.025
872,737568,en,The Doorman,67.488
873,603692,en,John Wick: Chapter 4 - Hagakure,65.84
874,11351,en,Jeepers Creepers 2,60.188
875,695568,en,Finding Grace,67.187
876,522681,en,Escape Room,62.348
877,14248,en,Igor,60.447
878,2907,en,The Addams Family,56.89
879,140300,en,Kung Fu Panda 3,60.892
880,20453,hi,3 Idiots,53.676
881,9325,en,The Jungle Book,64.123
882,762469,en,Father Christmas Is Back,97.261
883,76600,en,Avatar 2,58.466
884,291167,en,Crystal Skulls,54.119
885,39102,ja,ドラゴンボールゼット 超スーパーサイヤ人じんだ孫そん悟ご空くう,62.659
886,373571,en,Godzilla: King of the Monsters,75.929
887,575249,ja,Dragon Ball Z: The Real 4-D at 超天下一武道会,65.959
888,41154,en,Men in Black 3,73.75
889,615,en,The Passion of the Christ,67.995
890,131634,en,The Hunger Games: Mockingjay - Part 2,66.351
891,136795,en,The Heat,58.533
892,347548,en,Containment,54.38
893,603,en,The Matrix,65.273
894,176983,ja,ワンピース フィルム ゼット,63.37
895,125509,en,Wrong Turn 5: Bloodlines,64.868
896,62835,en,Colombiana,68.314
897,10184,en,He's Just Not That Into You,64.353
898,527776,en,Overcomer,64.118
899,557950,en,Mainstream,58.936
900,10386,en,The Iron Giant,58.471
901,71672,en,Wrong Turn 4: Bloody Beginnings,60.544
902,298618,en,The Flash,70.092
903,351819,en,Fifty Shades of Black,69.693
904,245891,en,John Wick,71.346
905,333484,en,The Magnificent Seven,61.909
906,621876,en,Flora & Ulysses,65.568
907,409502,en,I'm Not Ashamed,58.501
908,274855,en,Geostorm,60.697
909,287590,ja,聖闘士星矢 LEGEND of SANCTUARY,74.224
910,339403,en,Baby Driver,63.226
911,68718,en,Django Unchained,69.198
912,516329,en,Antlers,61.795
913,71552,en,American Reunion,66.679
914,527641,en,Five Feet Apart,66.267
915,9730,en,Friday the 13th: The Final Chapter,53.59
916,282069,ja,寄生獣,54.381
917,609972,en,Paranormal Activity: Next of Kin,58.577
918,46195,en,Rio,61.019
919,791910,en,Rise of the Mummy,60.788
920,413594,ja,劇場版 ソードアート・オンライン -オーディナル・スケール-,64.121
921,675327,en,Shadow in the Cloud,58.119
922,7555,en,Rambo,61.612
923,57800,en,Ice Age: Continental Drift,72.859
924,417384,en,Scary Stories to Tell in the Dark,67.473
925,76489,en,The Three Stooges,57.778
926,189349,ja,炎の中忍試験! ナルトvs木ノ葉丸!!,64.887
927,664168,en,Fat Ass Zombies,62.376
928,12092,en,Alice in Wonderland,64.736
929,785457,en,Afterlife of the Party,59.296
930,343668,en,Kingsman: The Golden Circle,93.516
931,62177,en,Brave,64.823
932,137113,en,Edge of Tomorrow,53.707
933,609202,ja,Blackfox,67.259
934,10625,en,Mean Girls,57.816
935,725649,es,Lavaperros,57.511
936,61791,en,Rise of the Planet of the Apes,52.365
937,39108,ja,ドラゴンボールZ 龍拳爆発!!悟空がやらねば誰がやる,64.946
938,23023,en,Tooth Fairy,59.992
939,58574,en,Sherlock Holmes: A Game of Shadows,64.176
940,461083,ja,劇場版 Fate/kaleid liner プリズマ☆イリヤ 雪下の誓い,60.126
941,534338,en,An Interview with God,66.624
942,339846,en,Baywatch,54.513
943,123553,en,The Mortal Instruments: City of Bones,54.656
944,2758,en,Addams Family Values,56.147
945,811592,en,One Shot,49.562
946,16985,en,Legally Blondes,70.345
947,638566,ja,NARUTO to BORUTO The Live 2019,68.98
948,825597,en,Maggie Simpson in The Force Awakens from Its Nap,59.952
949,476292,ja,さよならの朝に約束の花をかざろう,71.389
950,25565,en,Transformers: Beginnings,61.116
951,703745,en,Deep Blue Sea 3,69.539
952,290859,en,Terminator: Dark Fate,59.969
953,62206,en,30 Minutes or Less,56.347
954,257344,en,Pixels,55.579
955,447200,en,Skyscraper,68.699
956,278154,en,Ice Age: Collision Course,70.038
957,47964,en,A Good Day to Die Hard,59.282
958,852663,en,LEGO Monkie Kid: A Hero Is Born,91.678
959,82507,en,Sinister,56.169
960,297802,en,Aquaman,64.799
961,359983,en,The Lion Guard: Return of the Roar,57.009
962,174772,en,Europa Report,60.555
963,87428,en,That's My Boy,54.801
964,511987,en,Crawl,53.501
965,2082,en,Halloween,55.328
966,403310,ja,HK 変態仮面　アブノーマル・クライシス,60.071
967,263472,en,Knock Knock,57.277
968,399579,en,Alita: Battle Angel,64.435
969,726916,sv,Vinterviken,60.946
970,87818,en,Movie 43,61.015
971,835666,pt,Como Hackear Seu Chefe,51.145
972,454640,en,The Angry Birds Movie 2,61.724
973,385103,en,Scoob!,63.989
974,776797,zh,哭悲,57.304
975,518244,en,Scandalous Sex,64.748
976,155,en,The Dark Knight,60.734
977,776503,en,CODA,50.911
978,539140,ja,センコロール コネクト,58.525
979,17610,en,Year One,54.154
980,312221,en,Creed,64
981,214,en,Saw III,53.894
982,17979,en,A Christmas Carol,72.643
983,100042,en,Dumb and Dumber To,49.192
984,611489,en,Initiation,57.878
985,948,en,Halloween,57.704
986,451156,en,Infidelity in Suburbia,53.789
987,166424,en,Fantastic Four,59.044
988,262504,en,Allegiant,51.143
989,250546,en,Annabelle,62.803
990,342470,en,All the Bright Places,69.591
991,80035,en,The Watch,61.206
992,324852,en,Despicable Me 3,52.823
993,100402,en,Captain America: The Winter Soldier,59.403
994,11631,en,Mamma Mia!,53.588
995,9902,en,Wrong Turn,59.786
996,460555,zh,红海行动,38.336
997,320288,en,Dark Phoenix,54.704
998,291805,en,Now You See Me 2,53.776
,,,,
,,,,
,,,,
,,,,
,,,,
,,,,
,,,,
,,,,
,,,,
,,,,
,,,,
,,,,
,,,,
,,,,
,,,,
,,,,
,,,,
,,,,
,,,,
,,,,
,,,,
,,,,
,,,,
,,,,
,,,,
,,,,
,,,,
,,,,
,,,,
,,,,
,,,,
,,,,
,,,,
,,,,
,,,,
,,,,
,,,,
,,,,
,,,,
,,,,
,,,,
,,,,
,,,,
,,,,
,,,,
,,,,
,,,,
,,,,
,,,,
,,,,
,,,,
,,,,
,,,,
,,,,
,,,,
,,,,
,,,,
,,,,
,,,,
,,,,
,,,,
,,,,
,,,,
,,,,
,,,,
,,,,
,,,,
,,,,
,,,,
,,,,
,,,,
,,,,
,,,,
,,,,
,,,,
,,,,
,,,,
,,,,
,,,,
,,,,
,,,,
,,,,
,,,,
,,,,
,,,,
,,,,
,,,,
,,,,
,,,,
,,,,
,,,,
,,,,
,,,,
,,,,
,,,,
,,,,
,,,,
,,,,
,,,,
,,,,
,,,,
,,,,
,,,,
,,,,
,,,,
,,,,
,,,,
,,,,
,,,,
,,,,
,,,,
,,,,
,,,,
,,,,
,,,,
,,,,
,,,,
,,,,
,,,,
,,,,
,,,,
,,,,
,,,,
,,,,
,,,,
,,,,
,,,,
,,,,
,,,,
,,,,
,,,,
,,,,
,,,,
,,,,
,,,,
,,,,
,,,,
,,,,
,,,,
,,,,
,,,,
,,,,
,,,,
,,,,
,,,,
,,,,
,,,,
,,,,
,,,,
,,,,
,,,,
,,,,
,,,,
,,,,
,,,,
,,,,
,,,,
,,,,
,,,,
,,,,
,,,,
,,,,
,,,,
,,,,
,,,,
,,,,
,,,,
,,,,
,,,,
,,,,
,,,,
,,,,
,,,,
,,,,
,,,,
,,,,
,,,,
,,,,
,,,,
,,,,
,,,,
,,,,
,,,,
,,,,
,,,,
,,,,
,,,,
,,,,
,,,,
,,,,
,,,,
,,,,
,,,,
,,,,
,,,,
,,,,
,,,,
,,,,
,,,,
,,,,
,,,,
,,,,
,,,,
,,,,
,,,,
,,,,
,,,,
,,,,
,,,,
,,,,
,,,,
,,,,
,,,,
,,,,
,,,,
,,,,
,,,,
,,,,
,,,,
,,,,
,,,,
,,,,
,,,,
,,,,
,,,,
,,,,
,,,,
,,,,
,,,,
,,,,
,,,,
,,,,
,,,,
,,,,
,,,,
,,,,
,,,,
,,,,
,,,,
,,,,
,,,,
,,,,
,,,,
,,,,
,,,,
,,,,
,,,,
,,,,
,,,,
,,,,
,,,,
,,,,
,,,,
,,,,
,,,,
,,,,
,,,,
,,,,
,,,,
,,,,
,,,,
,,,,
,,,,
,,,,
,,,,
,,,,
,,,,
,,,,
,,,,
,,,,
,,,,
,,,,
,,,,
,,,,
,,,,
,,,,
,,,,
,,,,
,,,,
,,,,
,,,,
,,,,
,,,,
,,,,
,,,,
,,,,
,,,,
,,,,
,,,,
,,,,
,,,,
,,,,
,,,,
,,,,
,,,,
,,,,
,,,,
,,,,
,,,,
,,,,
,,,,
,,,,
,,,,
,,,,
,,,,
,,,,
,,,,
,,,,
,,,,
,,,,
,,,,
,,,,
,,,,
,,,,
,,,,
,,,,
,,,,
,,,,
,,,,
,,,,
,,,,
,,,,
,,,,
,,,,
,,,,
,,,,
,,,,
,,,,
,,,,
,,,,
,,,,
,,,,
,,,,
,,,,
,,,,
,,,,
,,,,
,,,,
,,,,
,,,,
,,,,
,,,,
,,,,
,,,,
,,,,
,,,,
,,,,
,,,,
,,,,
,,,,
,,,,
,,,,
,,,,
,,,,
,,,,
,,,,
,,,,
,,,,
,,,,
,,,,
,,,,
,,,,
,,,,
,,,,
,,,,
,,,,
,,,,
,,,,
,,,,
,,,,
,,,,
,,,,
,,,,
,,,,
,,,,
,,,,
,,,,
,,,,
,,,,
,,,,
,,,,
,,,,
,,,,
,,,,
,,,,
,,,,
,,,,
,,,,
,,,,
,,,,
,,,,
,,,,
,,,,
,,,,
,,,,
,,,,
,,,,
,,,,
,,,,
,,,,
,,,,
,,,,
,,,,
,,,,
,,,,
,,,,
,,,,
,,,,
,,,,
,,,,
,,,,
,,,,
,,,,
,,,,
,,,,
,,,,
,,,,
,,,,
,,,,
,,,,
,,,,
,,,,
,,,,
,,,,
,,,,
,,,,
,,,,
,,,,
,,,,
,,,,
,,,,
,,,,
,,,,
,,,,
,,,,
,,,,
,,,,
,,,,
,,,,
,,,,
,,,,
,,,,
,,,,
,,,,
,,,,
,,,,
,,,,
,,,,
,,,,
,,,,
,,,,
,,,,
,,,,
,,,,
,,,,
,,,,
,,,,
,,,,
,,,,
,,,,
,,,,
,,,,
,,,,
,,,,
,,,,
,,,,
,,,,
,,,,
,,,,
,,,,
,,,,
,,,,
,,,,
,,,,
,,,,
,,,,
,,,,
,,,,
,,,,
,,,,
,,,,
,,,,
,,,,
,,,,
,,,,
,,,,
,,,,
,,,,
,,,,
,,,,
,,,,
,,,,
,,,,
,,,,
,,,,
,,,,
,,,,
,,,,
,,,,
,,,,
,,,,
,,,,
,,,,
,,,,
,,,,
,,,,
,,,,
,,,,
,,,,
,,,,
,,,,
,,,,
,,,,
,,,,
,,,,
,,,,
,,,,
,,,,
,,,,
,,,,
,,,,
,,,,
,,,,
,,,,
,,,,
,,,,
,,,,
,,,,
,,,,
,,,,
,,,,
,,,,
,,,,
,,,,
,,,,
,,,,
,,,,
,,,,
,,,,
,,,,
,,,,
,,,,
,,,,
,,,,
,,,,
,,,,
,,,,
,,,,
,,,,
,,,,
,,,,
,,,,
,,,,
,,,,
,,,,
,,,,
,,,,
,,,,
,,,,
,,,,
,,,,
,,,,
,,,,
,,,,
,,,,
,,,,
,,,,
,,,,
,,,,
,,,,
,,,,
,,,,
,,,,
,,,,
,,,,
,,,,
,,,,
,,,,
,,,,
,,,,
,,,,
,,,,
,,,,
,,,,
,,,,
,,,,
,,,,
,,,,
,,,,
,,,,
,,,,
,,,,
,,,,
,,,,
,,,,
,,,,
,,,,
,,,,
,,,,
,,,,
,,,,
,,,,
,,,,
,,,,
,,,,
,,,,
,,,,
,,,,
,,,,
,,,,
,,,,
,,,,
,,,,
,,,,
,,,,
,,,,
,,,,
,,,,
,,,,
,,,,
,,,,
,,,,
,,,,
,,,,
,,,,
,,,,
,,,,
,,,,
,,,,
,,,,
,,,,
,,,,
,,,,
,,,,
,,,,
,,,,
,,,,
,,,,
,,,,
,,,,
,,,,
,,,,
,,,,
,,,,
,,,,
,,,,
,,,,
,,,,
,,,,
,,,,
,,,,
,,,,
,,,,
,,,,
,,,,
,,,,
,,,,
,,,,
,,,,
,,,,
,,,,
,,,,
,,,,
,,,,
,,,,
,,,,
,,,,
,,,,
,,,,
,,,,
,,,,
,,,,
,,,,
,,,,
,,,,
,,,,
,,,,
,,,,
,,,,
,,,,
,,,,
,,,,
,,,,
,,,,
,,,,
,,,,
,,,,
,,,,
,,,,
,,,,
,,,,
,,,,
,,,,
,,,,
,,,,
,,,,
,,,,
,,,,
,,,,
,,,,
,,,,
,,,,
,,,,
,,,,
,,,,
,,,,
,,,,
,,,,
,,,,
,,,,
,,,,
,,,,
,,,,
,,,,
,,,,
,,,,
,,,,
,,,,
,,,,
,,,,
,,,,
,,,,
,,,,
,,,,
,,,,
,,,,
,,,,
,,,,
,,,,
,,,,
,,,,
,,,,
,,,,
,,,,
,,,,
,,,,
,,,,
,,,,
,,,,
,,,,
,,,,
,,,,
,,,,
,,,,
,,,,
,,,,
,,,,
,,,,
,,,,
,,,,
,,,,
,,,,
,,,,
,,,,
,,,,
,,,,
,,,,
,,,,
,,,,
,,,,
,,,,
,,,,
,,,,
,,,,
,,,,
,,,,
,,,,
,,,,
,,,,
,,,,
,,,,
,,,,
,,,,
,,,,
,,,,
,,,,
,,,,
,,,,
,,,,
,,,,
,,,,
,,,,
,,,,
,,,,
,,,,
,,,,
,,,,
,,,,
,,,,
,,,,
,,,,
,,,,
,,,,
,,,,
,,,,
,,,,
,,,,
,,,,
,,,,
,,,,
,,,,
,,,,
,,,,
,,,,
,,,,
,,,,
,,,,
,,,,
,,,,
,,,,
,,,,
,,,,
,,,,
,,,,
,,,,
,,,,
,,,,
,,,,
,,,,
,,,,
,,,,
,,,,
,,,,
,,,,
,,,,
,,,,
,,,,
,,,,
,,,,
,,,,
,,,,
,,,,
,,,,
,,,,
,,,,
,,,,
,,,,
,,,,
,,,,
,,,,
,,,,
,,,,
,,,,
,,,,
,,,,
,,,,
,,,,
,,,,
,,,,
,,,,
,,,,
,,,,
,,,,
,,,,
,,,,
,,,,
,,,,
,,,,
,,,,
,,,,
,,,,
,,,,
,,,,
,,,,
,,,,
,,,,
,,,,
,,,,
,,,,
,,,,
,,,,
,,,,
,,,,
,,,,
,,,,
,,,,
,,,,
,,,,
,,,,
,,,,
,,,,
,,,,
,,,,
,,,,
,,,,
,,,,
,,,,
,,,,
,,,,
,,,,
,,,,
,,,,
,,,,
,,,,
,,,,
,,,,
,,,,
,,,,
,,,,
,,,,
,,,,
,,,,
,,,,
,,,,
,,,,
,,,,
,,,,
,,,,
,,,,
,,,,
,,,,
,,,,
,,,,
,,,,
,,,,
,,,,
,,,,
,,,,
,,,,
,,,,
,,,,
,,,,
,,,,
,,,,
,,,,
,,,,
,,,,
,,,,
,,,,
,,,,
,,,,
,,,,
,,,,
,,,,
,,,,
,,,,
,,,,
,,,,
,,,,
,,,,
,,,,
,,,,
,,,,
,,,,
,,,,
,,,,
,,,,
,,,,
,,,,
,,,,
,,,,
,,,,
,,,,
,,,,
,,,,
,,,,
,,,,
,,,,
,,,,
,,,,
,,,,
,,,,
,,,,
,,,,
,,,,
,,,,
,,,,
,,,,
,,,,
,,,,
,,,,
,,,,
,,,,
,,,,
,,,,
,,,,
,,,,
,,,,
,,,,
,,,,
,,,,
,,,,
,,,,
,,,,
,,,,
,,,,
,,,,
,,,,
,,,,
,,,,
,,,,
,,,,
,,,,
,,,,
,,,,
,,,,
,,,,
,,,,
,,,,
,,,,
,,,,
,,,,
,,,,
,,,,
,,,,
,,,,
,,,,
,,,,
,,,,
,,,,
,,,,
,,,,
,,,,
,,,,
,,,,
,,,,
,,,,
,,,,
,,,,
,,,,
,,,,
,,,,
,,,,
,,,,
,,,,
,,,,
,,,,
,,,,
,,,,
,,,,
,,,,
,,,,
,,,,
,,,,
,,,,
,,,,
,,,,
,,,,
,,,,
,,,,
,,,,
,,,,
,,,,
,,,,
,,,,
,,,,
,,,,
,,,,
,,,,
,,,,
,,,,
,,,,
,,,,
,,,,
,,,,
,,,,
,,,,
,,,,
,,,,
,,,,
,,,,
,,,,
,,,,
,,,,
,,,,
,,,,
,,,,
,,,,
,,,,
,,,,
,,,,
,,,,
,,,,
,,,,
,,,,
,,,,
,,,,
,,,,
,,,,
,,,,
,,,,
,,,,
,,,,
,,,,
,,,,
,,,,
,,,,
,,,,
,,,,
,,,,
,,,,
,,,,
,,,,
,,,,
,,,,
,,,,
,,,,
,,,,
,,,,
,,,,
,,,,
,,,,
,,,,
,,,,
,,,,
,,,,
,,,,
,,,,
,,,,
,,,,
,,,,
,,,,
,,,,
,,,,
,,,,
,,,,
,,,,
,,,,
,,,,
,,,,
,,,,
,,,,
,,,,
,,,,
,,,,
,,,,
,,,,
,,,,
,,,,
,,,,
,,,,
,,,,
,,,,
,,,,
,,,,
,,,,
,,,,
,,,,
,,,,
,,,,
,,,,
,,,,
,,,,
,,,,
,,,,
,,,,
,,,,
,,,,
,,,,
,,,,
,,,,
,,,,
,,,,
,,,,
,,,,
,,,,
,,,,
,,,,
,,,,
,,,,
,,,,
,,,,
,,,,
,,,,
,,,,
,,,,
,,,,
,,,,
,,,,
,,,,
,,,,
,,,,
,,,,
,,,,
,,,,
,,,,
,,,,
,,,,
,,,,
,,,,
,,,,
,,,,
,,,,
,,,,
,,,,
,,,,
,,,,
,,,,
,,,,
,,,,
,,,,
,,,,
,,,,
,,,,
,,,,
,,,,
,,,,
,,,,
,,,,
,,,,
,,,,
,,,,
,,,,
,,,,
,,,,
,,,,
,,,,
,,,,
,,,,
,,,,
,,,,
,,,,
,,,,
,,,,
,,,,
,,,,
,,,,
,,,,
,,,,
,,,,
,,,,
,,,,
,,,,
,,,,
,,,,
,,,,
,,,,
,,,,
,,,,
,,,,
,,,,
,,,,
,,,,
,,,,
,,,,
,,,,
,,,,
,,,,
,,,,
,,,,
,,,,
,,,,
,,,,
,,,,
,,,,
,,,,
,,,,
,,,,
,,,,
,,,,
,,,,
,,,,
,,,,
,,,,
,,,,
,,,,
,,,,
,,,,
,,,,
,,,,
,,,,
,,,,
,,,,
,,,,
,,,,
,,,,
,,,,
,,,,
,,,,
,,,,
,,,,
,,,,
,,,,
,,,,
,,,,
,,,,
,,,,
,,,,
,,,,
,,,,
,,,,
,,,,
,,,,
,,,,
,,,,
,,,,
,,,,
,,,,
,,,,
,,,,
,,,,
,,,,
,,,,
,,,,
,,,,
,,,,
,,,,
,,,,
,,,,
,,,,
,,,,
,,,,
,,,,
,,,,
,,,,
,,,,
,,,,
,,,,
,,,,
,,,,
,,,,
,,,,
,,,,
,,,,
,,,,
,,,,
,,,,
,,,,
,,,,
,,,,
,,,,
,,,,
,,,,
,,,,
,,,,
,,,,
,,,,
,,,,
,,,,
,,,,
,,,,
,,,,
,,,,
,,,,
,,,,
,,,,
,,,,
,,,,
,,,,
,,,,
,,,,
,,,,
,,,,
,,,,
,,,,
,,,,
,,,,
,,,,
,,,,
,,,,
,,,,
,,,,
,,,,
,,,,
,,,,
,,,,
,,,,
,,,,
,,,,
,,,,
,,,,
,,,,
,,,,
,,,,
,,,,
,,,,
,,,,
,,,,
,,,,
,,,,
,,,,
,,,,
,,,,
,,,,
,,,,
,,,,
,,,,
,,,,
,,,,
,,,,
,,,,
,,,,
,,,,
,,,,
,,,,
,,,,
,,,,
,,,,
,,,,
,,,,
,,,,
,,,,
,,,,
,,,,
,,,,
,,,,
,,,,
,,,,
,,,,
,,,,
,,,,
,,,,
,,,,
,,,,
,,,,
,,,,
,,,,
,,,,
,,,,
,,,,
,,,,
,,,,
,,,,
,,,,
,,,,
,,,,
,,,,
,,,,
,,,,
,,,,
,,,,
,,,,
,,,,
,,,,
,,,,
,,,,
,,,,
,,,,
,,,,
,,,,
,,,,
,,,,
,,,,
,,,,
,,,,
,,,,
,,,,
,,,,
,,,,
,,,,
,,,,
,,,,
,,,,
,,,,
,,,,
,,,,
,,,,
,,,,
,,,,
,,,,
,,,,
,,,,
,,,,
,,,,
,,,,
,,,,
,,,,
,,,,
,,,,
,,,,
,,,,
,,,,
,,,,
,,,,
,,,,
,,,,
,,,,
,,,,
,,,,
,,,,
,,,,
,,,,
,,,,
,,,,
,,,,
,,,,
,,,,
,,,,
,,,,
,,,,
,,,,
,,,,
,,,,
,,,,
,,,,
,,,,
,,,,
,,,,
,,,,
,,,,
,,,,
,,,,
,,,,
,,,,
,,,,
,,,,
,,,,
,,,,
,,,,
,,,,
,,,,
,,,,
,,,,
,,,,
,,,,
,,,,
,,,,
,,,,
,,,,
,,,,
,,,,
,,,,
,,,,
,,,,
,,,,
,,,,
,,,,
,,,,
,,,,
,,,,
,,,,
,,,,
,,,,
,,,,
,,,,
,,,,
,,,,
,,,,
,,,,
,,,,
,,,,
,,,,
,,,,
,,,,
,,,,
,,,,
,,,,
,,,,
,,,,
,,,,
,,,,
,,,,
,,,,
,,,,
,,,,
,,,,
,,,,
,,,,
,,,,
,,,,
,,,,
,,,,
,,,,
,,,,
,,,,
,,,,
,,,,
,,,,
,,,,
,,,,
,,,,
,,,,
,,,,
,,,,
,,,,
,,,,
,,,,
,,,,
,,,,
,,,,
,,,,
,,,,
,,,,
,,,,
,,,,
,,,,
,,,,
,,,,
,,,,
,,,,
,,,,
,,,,
,,,,
,,,,
,,,,
,,,,
,,,,
,,,,
,,,,
,,,,
,,,,
,,,,
,,,,
,,,,
,,,,
,,,,
,,,,
,,,,
,,,,
,,,,
,,,,
,,,,
,,,,
,,,,
,,,,
,,,,
,,,,
,,,,
,,,,
,,,,
,,,,
,,,,
,,,,
,,,,
,,,,
,,,,
,,,,
,,,,
,,,,
,,,,
,,,,
,,,,
,,,,
,,,,
,,,,
,,,,
,,,,
,,,,
,,,,
,,,,
,,,,
,,,,
,,,,
,,,,
,,,,
,,,,
,,,,
,,,,
,,,,
,,,,
,,,,
,,,,
,,,,
,,,,
,,,,
,,,,
,,,,
,,,,
,,,,
,,,,
,,,,
,,,,
,,,,
,,,,
,,,,
,,,,
,,,,
,,,,
,,,,
,,,,
,,,,
,,,,
,,,,
,,,,
,,,,
,,,,
,,,,
,,,,
,,,,
,,,,
,,,,
,,,,
,,,,
,,,,
,,,,
,,,,
,,,,
,,,,
,,,,
,,,,
,,,,
,,,,
,,,,
,,,,
,,,,
,,,,
,,,,
,,,,
,,,,
,,,,
,,,,
,,,,
,,,,
,,,,
,,,,
,,,,
,,,,
,,,,
,,,,
,,,,
,,,,
,,,,
,,,,
,,,,
,,,,
,,,,
,,,,
,,,,
,,,,
,,,,
,,,,
,,,,
,,,,
,,,,
,,,,
,,,,
,,,,
,,,,
,,,,
,,,,
,,,,
,,,,
,,,,
,,,,
,,,,
,,,,
,,,,
,,,,
,,,,
,,,,
,,,,
,,,,
,,,,
,,,,
,,,,
,,,,
,,,,
,,,,
,,,,
,,,,
,,,,
,,,,
,,,,
,,,,
,,,,
,,,,
,,,,
,,,,
,,,,
,,,,
,,,,
,,,,
,,,,
,,,,
,,,,
,,,,
,,,,
,,,,
,,,,
,,,,
,,,,
,,,,
,,,,
,,,,
,,,,
,,,,
,,,,
,,,,
,,,,
,,,,
,,,,
,,,,
,,,,
,,,,
,,,,
,,,,
,,,,
,,,,
,,,,
,,,,
,,,,
,,,,
,,,,
,,,,
,,,,
,,,,
,,,,
,,,,
,,,,
,,,,
,,,,
,,,,
,,,,
,,,,
,,,,
,,,,
,,,,
,,,,
,,,,
,,,,
,,,,
,,,,
,,,,
,,,,
,,,,
,,,,
,,,,
,,,,
,,,,
,,,,
,,,,
,,,,
,,,,
,,,,
,,,,
,,,,
,,,,
,,,,
,,,,
,,,,
,,,,
,,,,
,,,,
,,,,
,,,,
,,,,
,,,,
,,,,
,,,,
,,,,
,,,,
,,,,
,,,,
,,,,
,,,,
,,,,
,,,,
,,,,
,,,,
,,,,
,,,,
,,,,
,,,,
,,,,
,,,,
,,,,
,,,,
,,,,
,,,,
,,,,
,,,,
,,,,
,,,,
,,,,
,,,,
,,,,
,,,,
,,,,
,,,,
,,,,
,,,,
,,,,
,,,,
,,,,
,,,,
,,,,
,,,,
,,,,
,,,,
,,,,
,,,,
,,,,
,,,,
,,,,
,,,,
,,,,
,,,,
,,,,
,,,,
,,,,
,,,,
,,,,
,,,,
,,,,
,,,,
,,,,
,,,,
,,,,
,,,,
,,,,
,,,,
,,,,
,,,,
,,,,
,,,,
,,,,
,,,,
,,,,
,,,,
,,,,
,,,,
,,,,
,,,,
,,,,
,,,,
,,,,
,,,,
,,,,
,,,,
,,,,
,,,,
,,,,
,,,,
,,,,
,,,,
,,,,
,,,,
,,,,
,,,,
,,,,
,,,,
,,,,
,,,,
,,,,
,,,,
,,,,
,,,,
,,,,
,,,,
,,,,
,,,,
,,,,
,,,,
,,,,
,,,,
,,,,
,,,,
,,,,
,,,,
,,,,
,,,,
,,,,
,,,,
,,,,
,,,,
,,,,
,,,,
,,,,
,,,,
,,,,
,,,,
,,,,
,,,,
,,,,
,,,,
,,,,
,,,,
,,,,
,,,,
,,,,
,,,,
,,,,
,,,,
,,,,
,,,,
,,,,
,,,,
,,,,
,,,,
,,,,
,,,,
,,,,
,,,,
,,,,
,,,,
,,,,
,,,,
,,,,
,,,,
,,,,
,,,,
,,,,
,,,,
,,,,
,,,,
,,,,
,,,,
,,,,
,,,,
,,,,
,,,,
,,,,
,,,,
,,,,
,,,,
,,,,
,,,,
,,,,
,,,,
,,,,
,,,,
,,,,
,,,,
,,,,
,,,,
,,,,
,,,,
,,,,
,,,,
,,,,
,,,,
,,,,
,,,,
,,,,
,,,,
,,,,
,,,,
,,,,
,,,,
,,,,
,,,,
,,,,
,,,,
,,,,
,,,,
,,,,
,,,,
,,,,
,,,,
,,,,
,,,,
,,,,
,,,,
,,,,
,,,,
,,,,
,,,,
,,,,
,,,,
,,,,
,,,,
,,,,
,,,,
,,,,
,,,,
,,,,
,,,,
,,,,
,,,,
,,,,
,,,,
,,,,
,,,,
,,,,
,,,,
,,,,
,,,,
,,,,
,,,,
,,,,
,,,,
,,,,
,,,,
,,,,
,,,,
,,,,
,,,,
,,,,
,,,,
,,,,
,,,,
,,,,
,,,,
,,,,
,,,,
,,,,
,,,,
,,,,
,,,,
,,,,
,,,,
,,,,
,,,,
,,,,
,,,,
,,,,
,,,,
,,,,
,,,,
,,,,
,,,,
,,,,
,,,,
,,,,
,,,,
,,,,
,,,,
,,,,
,,,,
,,,,
,,,,
,,,,
,,,,
,,,,
,,,,
,,,,
,,,,
,,,,
,,,,
,,,,
,,,,
,,,,
,,,,
,,,,
,,,,
,,,,
,,,,
,,,,
,,,,
,,,,
,,,,
,,,,
,,,,
,,,,
,,,,
,,,,
,,,,
,,,,
,,,,
,,,,
,,,,
,,,,
,,,,
,,,,
,,,,
,,,,
,,,,
,,,,
,,,,
,,,,
,,,,
,,,,
,,,,
,,,,
,,,,
,,,,
,,,,
,,,,
,,,,
,,,,
,,,,
,,,,
,,,,
,,,,
,,,,
,,,,
,,,,
,,,,
,,,,
,,,,
,,,,
,,,,
,,,,
,,,,
,,,,
,,,,
,,,,
,,,,
,,,,
,,,,
,,,,
,,,,
,,,,
,,,,
,,,,
,,,,
,,,,
,,,,
,,,,
,,,,
,,,,
,,,,
,,,,
,,,,
,,,,
,,,,
,,,,
,,,,
,,,,
,,,,
,,,,
,,,,
,,,,
,,,,
,,,,
,,,,
,,,,
,,,,
,,,,
,,,,
,,,,
,,,,
,,,,
,,,,
,,,,
,,,,
,,,,
,,,,
,,,,
,,,,
,,,,
,,,,
,,,,
,,,,
,,,,
,,,,
,,,,
,,,,
,,,,
,,,,
,,,,
,,,,
,,,,
,,,,
,,,,
,,,,
,,,,
,,,,
,,,,
,,,,
,,,,
,,,,
,,,,
,,,,
,,,,
,,,,
,,,,
,,,,
,,,,
,,,,
,,,,
,,,,
,,,,
,,,,
,,,,
,,,,
,,,,
,,,,
,,,,
,,,,
,,,,
,,,,
,,,,
,,,,
,,,,
,,,,
,,,,
,,,,
,,,,
,,,,
,,,,
,,,,
,,,,
,,,,
,,,,
,,,,
,,,,
,,,,
,,,,
,,,,
,,,,
,,,,
,,,,
,,,,
,,,,
,,,,
,,,,
,,,,
,,,,
,,,,
,,,,
,,,,
,,,,
,,,,
,,,,
,,,,
,,,,
,,,,
,,,,
,,,,
,,,,
,,,,
,,,,
,,,,
,,,,
,,,,
,,,,
,,,,
,,,,
,,,,
,,,,
,,,,
,,,,
,,,,
,,,,
,,,,
,,,,
,,,,
,,,,
,,,,
,,,,
,,,,
,,,,
,,,,
,,,,
,,,,
,,,,
,,,,
,,,,
,,,,
,,,,
,,,,
,,,,
,,,,
,,,,
,,,,
,,,,
,,,,
,,,,
,,,,
,,,,
,,,,
,,,,
,,,,
,,,,
,,,,
,,,,
,,,,
,,,,
,,,,
,,,,
,,,,
,,,,
,,,,
,,,,
,,,,
,,,,
,,,,
,,,,
,,,,
,,,,
,,,,
,,,,
,,,,
,,,,
,,,,
,,,,
,,,,
,,,,
,,,,
,,,,
,,,,
,,,,
,,,,
,,,,
,,,,
,,,,
,,,,
,,,,
,,,,
,,,,
,,,,
,,,,
,,,,
,,,,
,,,,
,,,,
,,,,
,,,,
,,,,
,,,,
,,,,
,,,,
,,,,
,,,,
,,,,
,,,,
,,,,
,,,,
,,,,
,,,,
,,,,
,,,,
,,,,
,,,,
,,,,
,,,,
,,,,
,,,,
,,,,
,,,,
,,,,
,,,,
,,,,
,,,,
,,,,
,,,,
,,,,
,,,,
,,,,
,,,,
,,,,
,,,,
,,,,
,,,,
,,,,
,,,,
,,,,
,,,,
,,,,
,,,,
,,,,
,,,,
,,,,
,,,,
,,,,
,,,,
,,,,
,,,,
,,,,
,,,,
,,,,
,,,,
,,,,
,,,,
,,,,
,,,,
,,,,
,,,,
,,,,
,,,,
,,,,
,,,,
,,,,
,,,,
,,,,
,,,,
,,,,
,,,,
,,,,
,,,,
,,,,
,,,,
,,,,
,,,,
,,,,
,,,,
,,,,
,,,,
,,,,
,,,,
,,,,
,,,,
,,,,
,,,,
,,,,
,,,,
,,,,
,,,,
,,,,
,,,,
,,,,
,,,,
,,,,
,,,,
,,,,
,,,,
,,,,
,,,,
,,,,
,,,,
,,,,
,,,,
,,,,
,,,,
,,,,
,,,,
,,,,
,,,,
,,,,
,,,,
,,,,
,,,,
,,,,
,,,,
,,,,
,,,,
,,,,
,,,,
,,,,
,,,,
,,,,
,,,,
,,,,
,,,,
,,,,
,,,,
,,,,
,,,,
,,,,
,,,,
,,,,
,,,,
,,,,
,,,,
,,,,
,,,,
,,,,
,,,,
,,,,
,,,,
,,,,
,,,,
,,,,
,,,,
,,,,
,,,,
,,,,
,,,,
,,,,
,,,,
,,,,
,,,,
,,,,
,,,,
,,,,
,,,,
,,,,
,,,,
,,,,
,,,,
,,,,
,,,,
,,,,
,,,,
,,,,
,,,,
,,,,
,,,,
,,,,
,,,,
,,,,
,,,,
,,,,
,,,,
,,,,
,,,,
,,,,
,,,,
,,,,
,,,,
,,,,
,,,,
,,,,
,,,,
,,,,
,,,,
,,,,
,,,,
,,,,
,,,,
,,,,
,,,,
,,,,
,,,,
,,,,
,,,,
,,,,
,,,,
,,,,
,,,,
,,,,
,,,,
,,,,
,,,,
,,,,
,,,,
,,,,
,,,,
,,,,
,,,,
,,,,
,,,,
,,,,
,,,,
,,,,
,,,,
,,,,
,,,,
,,,,
,,,,
,,,,
,,,,
,,,,
,,,,
,,,,
,,,,
,,,,
,,,,
,,,,
,,,,
,,,,
,,,,
,,,,
,,,,
,,,,
,,,,
,,,,
,,,,
,,,,
,,,,
,,,,
,,,,
,,,,
,,,,
,,,,
,,,,
,,,,
,,,,
,,,,
,,,,
,,,,
,,,,
,,,,
,,,,
,,,,
,,,,
,,,,
,,,,
,,,,
,,,,
,,,,
,,,,
,,,,
,,,,
,,,,
,,,,
,,,,
,,,,
,,,,
,,,,
,,,,
,,,,
,,,,
,,,,
,,,,
,,,,
,,,,
,,,,
,,,,
,,,,
,,,,
,,,,
,,,,
,,,,
,,,,
,,,,
,,,,
,,,,
,,,,
,,,,
,,,,
,,,,
,,,,
,,,,
,,,,
,,,,
,,,,
,,,,
,,,,
,,,,
,,,,
,,,,
,,,,
,,,,
,,,,
,,,,
,,,,
,,,,
,,,,
,,,,
,,,,
,,,,
,,,,
,,,,
,,,,
,,,,
,,,,
,,,,
,,,,
,,,,
,,,,
,,,,
,,,,
,,,,
,,,,
,,,,
,,,,
,,,,
,,,,
,,,,
,,,,
,,,,
,,,,
,,,,
,,,,
,,,,
,,,,
,,,,
,,,,
,,,,
,,,,
,,,,
,,,,
,,,,
,,,,
,,,,
,,,,
,,,,
,,,,
,,,,
,,,,
,,,,
,,,,
,,,,
,,,,
,,,,
,,,,
,,,,
,,,,
,,,,
,,,,
,,,,
,,,,
,,,,
,,,,
,,,,
,,,,
,,,,
,,,,
,,,,
,,,,
,,,,
,,,,
,,,,
,,,,
,,,,
,,,,
,,,,
,,,,
,,,,
,,,,
,,,,
,,,,
,,,,
,,,,
,,,,
,,,,
,,,,
,,,,
,,,,
,,,,
,,,,
,,,,
,,,,
,,,,
,,,,
,,,,
,,,,
,,,,
,,,,
,,,,
,,,,
,,,,
,,,,
,,,,
,,,,
,,,,
,,,,
,,,,
,,,,
,,,,
,,,,
,,,,
,,,,
,,,,
,,,,
,,,,
,,,,
,,,,
,,,,
,,,,
,,,,
,,,,
,,,,
,,,,
,,,,
,,,,
,,,,
,,,,
,,,,
,,,,
,,,,
,,,,
,,,,
,,,,
,,,,
,,,,
,,,,
,,,,
,,,,
,,,,
,,,,
,,,,
,,,,
,,,,
,,,,
,,,,
,,,,
,,,,
,,,,
,,,,
,,,,
,,,,
,,,,
,,,,
,,,,
,,,,
,,,,
,,,,
,,,,
,,,,
,,,,
,,,,
,,,,
,,,,
,,,,
,,,,
,,,,
,,,,
,,,,
,,,,
,,,,
,,,,
,,,,
,,,,
,,,,
,,,,
,,,,
,,,,
,,,,
,,,,
,,,,
,,,,
,,,,
,,,,
,,,,
,,,,
,,,,
,,,,
,,,,
,,,,
,,,,
,,,,
,,,,
,,,,
,,,,
,,,,
,,,,
,,,,
,,,,
,,,,
,,,,
,,,,
,,,,
,,,,
,,,,
,,,,
,,,,
,,,,
,,,,
,,,,
,,,,
,,,,
,,,,
,,,,
,,,,
,,,,
,,,,
,,,,
,,,,
,,,,
,,,,
,,,,
,,,,
,,,,
,,,,
,,,,
,,,,
,,,,
,,,,
,,,,
,,,,
,,,,
,,,,
,,,,
,,,,
,,,,
,,,,
,,,,
,,,,
,,,,
,,,,
,,,,
,,,,
,,,,
,,,,
,,,,
,,,,
,,,,
,,,,
,,,,
,,,,
,,,,
,,,,
,,,,
,,,,
,,,,
,,,,
,,,,
,,,,
,,,,
,,,,
,,,,
,,,,
,,,,
,,,,
,,,,
,,,,
,,,,
,,,,
,,,,
,,,,
,,,,
,,,,
,,,,
,,,,
,,,,
,,,,
,,,,
,,,,
,,,,
,,,,
,,,,
,,,,
,,,,
,,,,
,,,,
,,,,
,,,,
,,,,
,,,,
,,,,
,,,,
,,,,
,,,,
,,,,
,,,,
,,,,
,,,,
,,,,
,,,,
,,,,
,,,,
,,,,
,,,,
,,,,
,,,,
,,,,
,,,,
,,,,
,,,,
,,,,
,,,,
,,,,
,,,,
,,,,
,,,,
,,,,
,,,,
,,,,
,,,,
,,,,
,,,,
,,,,
,,,,
,,,,
,,,,
,,,,
,,,,
,,,,
,,,,
,,,,
,,,,
,,,,
,,,,
,,,,
,,,,
,,,,
,,,,
,,,,
,,,,
,,,,
,,,,
,,,,
,,,,
,,,,
,,,,
,,,,
,,,,
,,,,
,,,,
,,,,
,,,,
,,,,
,,,,
,,,,
,,,,
,,,,
,,,,
,,,,
,,,,
,,,,
,,,,
,,,,
,,,,
,,,,
,,,,
,,,,
,,,,
,,,,
,,,,
,,,,
,,,,
,,,,
,,,,
,,,,
,,,,
,,,,
,,,,
,,,,
,,,,
,,,,
,,,,
,,,,
,,,,
,,,,
,,,,
,,,,
,,,,
,,,,
,,,,
,,,,
,,,,
,,,,
,,,,
,,,,
,,,,
,,,,
,,,,
,,,,
,,,,
,,,,
,,,,
,,,,
,,,,
,,,,
,,,,
,,,,
,,,,
,,,,
,,,,
,,,,
,,,,
,,,,
,,,,
,,,,
,,,,
,,,,
,,,,
,,,,
,,,,
,,,,
,,,,
,,,,
,,,,
,,,,
,,,,
,,,,
,,,,
,,,,
,,,,
,,,,
,,,,
,,,,
,,,,
,,,,
,,,,
,,,,
,,,,
,,,,
,,,,
,,,,
,,,,
,,,,
,,,,
,,,,
,,,,
,,,,
,,,,
,,,,
,,,,
,,,,
,,,,
,,,,
,,,,
,,,,
,,,,
,,,,
,,,,
,,,,
,,,,
,,,,
,,,,
,,,,
,,,,
,,,,
,,,,
,,,,
,,,,
,,,,
,,,,
,,,,
,,,,
,,,,
,,,,
,,,,
,,,,
,,,,
,,,,
,,,,
,,,,
,,,,
,,,,
,,,,
,,,,
,,,,
,,,,
,,,,
,,,,
,,,,
,,,,
,,,,
,,,,
,,,,
,,,,
,,,,
,,,,
,,,,
,,,,
,,,,
,,,,
,,,,
,,,,
,,,,
,,,,
,,,,
,,,,
,,,,
,,,,
,,,,
,,,,
,,,,
,,,,
,,,,
,,,,
,,,,
,,,,
,,,,
,,,,
,,,,
,,,,
,,,,
,,,,
,,,,
,,,,
,,,,
,,,,
,,,,
,,,,
,,,,
,,,,
,,,,
,,,,
,,,,
,,,,
,,,,
,,,,
,,,,
,,,,
,,,,
,,,,
,,,,
,,,,
,,,,
,,,,
,,,,
,,,,
,,,,
,,,,
,,,,
,,,,
,,,,
,,,,
,,,,
,,,,
,,,,
,,,,
,,,,
,,,,
,,,,
,,,,
,,,,
,,,,
,,,,
,,,,
,,,,
,,,,
,,,,
,,,,
,,,,
,,,,
,,,,
,,,,
,,,,
,,,,
,,,,
,,,,
,,,,
,,,,
,,,,
,,,,
,,,,
,,,,
,,,,
,,,,
,,,,
,,,,
,,,,
,,,,
,,,,
,,,,
,,,,
,,,,
,,,,
,,,,
,,,,
,,,,
,,,,
,,,,
,,,,
,,,,
,,,,
,,,,
,,,,
,,,,
,,,,
,,,,
,,,,
,,,,
,,,,
,,,,
,,,,
,,,,
,,,,
,,,,
,,,,
,,,,
,,,,
,,,,
,,,,
,,,,
,,,,
,,,,
,,,,
,,,,
,,,,
,,,,
,,,,
,,,,
,,,,
,,,,
,,,,
,,,,
,,,,
,,,,
,,,,
,,,,
,,,,
,,,,
,,,,
,,,,
,,,,
,,,,
,,,,
,,,,
,,,,
,,,,
,,,,
,,,,
,,,,
,,,,
,,,,
,,,,
,,,,
,,,,
,,,,
,,,,
,,,,
,,,,
,,,,
,,,,
,,,,
,,,,
,,,,
,,,,
,,,,
,,,,
,,,,
,,,,
,,,,
,,,,
,,,,
,,,,
,,,,
,,,,
,,,,
,,,,
,,,,
,,,,
,,,,
,,,,
,,,,
,,,,
,,,,
,,,,
,,,,
,,,,
,,,,
,,,,
,,,,
,,,,
,,,,
,,,,
,,,,
,,,,
,,,,
,,,,
,,,,
,,,,
,,,,
,,,,
,,,,
,,,,
,,,,
,,,,
,,,,
,,,,
,,,,
,,,,
,,,,
,,,,
,,,,
,,,,
,,,,
,,,,
,,,,
,,,,
,,,,
,,,,
,,,,
,,,,
,,,,
,,,,
,,,,
,,,,
,,,,
,,,,
,,,,
,,,,
,,,,
,,,,
,,,,
,,,,
,,,,
,,,,
,,,,
,,,,
,,,,
,,,,
,,,,
,,,,
,,,,
,,,,
,,,,
,,,,
,,,,
,,,,
,,,,
,,,,
,,,,
,,,,
,,,,
,,,,
,,,,
,,,,
,,,,
,,,,
,,,,
,,,,
,,,,
,,,,
,,,,
,,,,
,,,,
,,,,
,,,,
,,,,
,,,,
,,,,
,,,,
,,,,
,,,,
,,,,
,,,,
,,,,
,,,,
,,,,
,,,,
,,,,
,,,,
,,,,
,,,,
,,,,
,,,,
,,,,
,,,,
,,,,
,,,,
,,,,
,,,,
,,,,
,,,,
,,,,
,,,,
,,,,
,,,,
,,,,
,,,,
,,,,
,,,,
,,,,
,,,,
,,,,
,,,,
,,,,
,,,,
,,,,
,,,,
,,,,
,,,,
,,,,
,,,,
,,,,
,,,,
,,,,
,,,,
,,,,
,,,,
,,,,
,,,,
,,,,
,,,,
,,,,
,,,,
,,,,
,,,,
,,,,
,,,,
,,,,
,,,,
,,,,
,,,,
,,,,
,,,,
,,,,
,,,,
,,,,
,,,,
,,,,
,,,,
,,,,
,,,,
,,,,
,,,,
,,,,
,,,,
,,,,
,,,,
,,,,
,,,,
,,,,
,,,,
,,,,
,,,,
,,,,
,,,,
,,,,
,,,,
,,,,
,,,,
,,,,
,,,,
,,,,
,,,,
,,,,
,,,,
,,,,
,,,,
,,,,
,,,,
,,,,
,,,,
,,,,
,,,,
,,,,
,,,,
,,,,
,,,,
,,,,
,,,,
,,,,
,,,,
,,,,
,,,,
,,,,
,,,,
,,,,
,,,,
,,,,
,,,,
,,,,
,,,,
,,,,
,,,,
,,,,
,,,,
,,,,
,,,,
,,,,
,,,,
,,,,
,,,,
,,,,
,,,,
,,,,
,,,,
,,,,
,,,,
,,,,
,,,,
,,,,
,,,,
,,,,
,,,,
,,,,
,,,,
,,,,
,,,,
,,,,
,,,,
,,,,
,,,,
,,,,
,,,,
,,,,
,,,,
,,,,
,,,,
,,,,
,,,,
,,,,
,,,,
,,,,
,,,,
,,,,
,,,,
,,,,
,,,,
,,,,
,,,,
,,,,
,,,,
,,,,
,,,,
,,,,
,,,,
,,,,
,,,,
,,,,
,,,,
,,,,
,,,,
,,,,
,,,,
,,,,
,,,,
,,,,
,,,,
,,,,
,,,,
,,,,
,,,,
,,,,
,,,,
,,,,
,,,,
,,,,
,,,,
,,,,
,,,,
,,,,
,,,,
,,,,
,,,,
,,,,
,,,,
,,,,
,,,,
,,,,
,,,,
,,,,
,,,,
,,,,
,,,,
,,,,
,,,,
,,,,
,,,,
,,,,
,,,,
,,,,
,,,,
,,,,
,,,,
,,,,
,,,,
,,,,
,,,,
,,,,
,,,,
,,,,
,,,,
,,,,
,,,,
,,,,
,,,,
,,,,
,,,,
,,,,
,,,,
,,,,
,,,,
,,,,
,,,,
,,,,
,,,,
,,,,
,,,,
,,,,
,,,,
,,,,
,,,,
,,,,
,,,,
,,,,
,,,,
,,,,
,,,,
,,,,
,,,,
,,,,
,,,,
,,,,
,,,,
,,,,
,,,,
,,,,
,,,,
,,,,
,,,,
,,,,
,,,,
,,,,
,,,,
,,,,
,,,,
,,,,
,,,,
,,,,
,,,,
,,,,
,,,,
,,,,
,,,,
,,,,
,,,,
,,,,
,,,,
,,,,
,,,,
,,,,
,,,,
,,,,
,,,,
,,,,
,,,,
,,,,
,,,,
,,,,
,,,,
,,,,
,,,,
,,,,
,,,,
,,,,
,,,,
,,,,
,,,,
,,,,
,,,,
,,,,
,,,,
,,,,
,,,,
,,,,
,,,,
,,,,
,,,,
,,,,
,,,,
,,,,
,,,,
,,,,
,,,,
,,,,
,,,,
,,,,
,,,,
,,,,
,,,,
,,,,
,,,,
,,,,
,,,,
,,,,
,,,,
,,,,
,,,,
,,,,
,,,,
,,,,
,,,,
,,,,
,,,,
,,,,
,,,,
,,,,
,,,,
,,,,
,,,,
,,,,
,,,,
,,,,
,,,,
,,,,
,,,,
,,,,
,,,,
,,,,
,,,,
,,,,
,,,,
,,,,
,,,,
,,,,
,,,,
,,,,
,,,,
,,,,
,,,,
,,,,
,,,,
,,,,
,,,,
,,,,
,,,,
,,,,
,,,,
,,,,
,,,,
,,,,
,,,,
,,,,
,,,,
,,,,
,,,,
,,,,
,,,,
,,,,
,,,,
,,,,
,,,,
,,,,
,,,,
,,,,
,,,,
,,,,
,,,,
,,,,
,,,,
,,,,
,,,,
,,,,
,,,,
,,,,
,,,,
,,,,
,,,,
,,,,
,,,,
,,,,
,,,,
,,,,
,,,,
,,,,
,,,,
,,,,
,,,,
,,,,
,,,,
,,,,
,,,,
,,,,
,,,,
,,,,
,,,,
,,,,
,,,,
,,,,
,,,,
,,,,
,,,,
,,,,
,,,,
,,,,
,,,,
,,,,
,,,,
,,,,
,,,,
,,,,
,,,,
,,,,
,,,,
,,,,
,,,,
,,,,
,,,,
,,,,
,,,,
,,,,
,,,,
,,,,
,,,,
,,,,
,,,,
,,,,
,,,,
,,,,
,,,,
,,,,
,,,,
,,,,
,,,,
,,,,
,,,,
,,,,
,,,,
,,,,
,,,,
,,,,
,,,,
,,,,
,,,,
,,,,
,,,,
,,,,
,,,,
,,,,
,,,,
,,,,
,,,,
,,,,
,,,,
,,,,
,,,,
,,,,
,,,,
,,,,
,,,,
,,,,
,,,,
,,,,
,,,,
,,,,
,,,,
,,,,
,,,,
,,,,
,,,,
,,,,
,,,,
,,,,
,,,,
,,,,
,,,,
,,,,
,,,,
,,,,
,,,,
,,,,
,,,,
,,,,
,,,,
,,,,
,,,,
,,,,
,,,,
,,,,
,,,,
,,,,
,,,,
,,,,
,,,,
,,,,
,,,,
,,,,
,,,,
,,,,
,,,,
,,,,
,,,,
,,,,
,,,,
,,,,
,,,,
,,,,
,,,,
,,,,
,,,,
,,,,
,,,,
,,,,
,,,,
,,,,
,,,,
,,,,
,,,,
,,,,
,,,,
,,,,
,,,,
,,,,
,,,,
,,,,
,,,,
,,,,
,,,,
,,,,
,,,,
,,,,
,,,,
,,,,
,,,,
,,,,
,,,,
,,,,
,,,,
,,,,
,,,,
,,,,
,,,,
,,,,
,,,,
,,,,
,,,,
,,,,
,,,,
,,,,
,,,,
,,,,
,,,,
,,,,
,,,,
,,,,
,,,,
,,,,
,,,,
,,,,
,,,,
,,,,
,,,,
,,,,
,,,,
,,,,
,,,,
,,,,
,,,,
,,,,
,,,,
,,,,
,,,,
,,,,
,,,,
,,,,
,,,,
,,,,
,,,,
,,,,
,,,,
,,,,
,,,,
,,,,
,,,,
,,,,
,,,,
,,,,
,,,,
,,,,
,,,,
,,,,
,,,,
,,,,
,,,,
,,,,
,,,,
,,,,
,,,,
,,,,
,,,,
,,,,
,,,,
,,,,
,,,,
,,,,
,,,,
,,,,
,,,,
,,,,
,,,,
,,,,
,,,,
,,,,
,,,,
,,,,
,,,,
,,,,
,,,,
,,,,
,,,,
,,,,
,,,,
,,,,
,,,,
,,,,
,,,,
,,,,
,,,,
,,,,
,,,,
,,,,
,,,,
,,,,
,,,,
,,,,
,,,,
,,,,
,,,,
,,,,
,,,,
,,,,
,,,,
,,,,
,,,,
,,,,
,,,,
,,,,
,,,,
,,,,
,,,,
,,,,
,,,,
,,,,
,,,,
,,,,
,,,,
,,,,
,,,,
,,,,
,,,,
,,,,
,,,,
,,,,
,,,,
,,,,
,,,,
,,,,
,,,,
,,,,
,,,,
,,,,
,,,,
,,,,
,,,,
,,,,
,,,,
,,,,
,,,,
,,,,
,,,,
,,,,
,,,,
,,,,
,,,,
,,,,
,,,,
,,,,
,,,,
,,,,
,,,,
,,,,
,,,,
,,,,
,,,,
,,,,
,,,,
,,,,
,,,,
,,,,
,,,,
,,,,
,,,,
,,,,
,,,,
,,,,
,,,,
,,,,
,,,,
,,,,
,,,,
,,,,
,,,,
,,,,
,,,,
,,,,
,,,,
,,,,
,,,,
,,,,
,,,,
,,,,
,,,,
,,,,
,,,,
,,,,
,,,,
,,,,
,,,,
,,,,
,,,,
,,,,
,,,,
,,,,
,,,,
,,,,
,,,,
,,,,
,,,,
,,,,
,,,,
,,,,
,,,,
,,,,
,,,,
,,,,
,,,,
,,,,
,,,,
,,,,
,,,,
,,,,
,,,,
,,,,
,,,,
,,,,
,,,,
,,,,
,,,,
,,,,
,,,,
,,,,
,,,,
,,,,
,,,,
,,,,
,,,,
,,,,
,,,,
,,,,
,,,,
,,,,
,,,,
,,,,
,,,,
,,,,
,,,,
,,,,
,,,,
,,,,
,,,,
,,,,
,,,,
,,,,
,,,,
,,,,
,,,,
,,,,
,,,,
,,,,
,,,,
,,,,
,,,,
,,,,
,,,,
,,,,
,,,,
,,,,
,,,,
,,,,
,,,,
,,,,
,,,,
,,,,
,,,,
,,,,
,,,,
,,,,
,,,,
,,,,
,,,,
,,,,
,,,,
,,,,
,,,,
,,,,
,,,,
,,,,
,,,,
,,,,
,,,,
,,,,
,,,,
,,,,
,,,,
,,,,
,,,,
,,,,
,,,,
,,,,
,,,,
,,,,
,,,,
,,,,
,,,,
,,,,
,,,,
,,,,
,,,,
,,,,
,,,,
,,,,
,,,,
,,,,
,,,,
,,,,
,,,,
,,,,
,,,,
,,,,
,,,,
,,,,
,,,,
,,,,
,,,,
,,,,
,,,,
,,,,
,,,,
,,,,
,,,,
,,,,
,,,,
,,,,
,,,,
,,,,
,,,,
,,,,
,,,,
,,,,
,,,,
,,,,
,,,,
,,,,
,,,,
,,,,
,,,,
,,,,
,,,,
,,,,
,,,,
,,,,
,,,,
,,,,
,,,,
,,,,
,,,,
,,,,
,,,,
,,,,
,,,,
,,,,
,,,,
,,,,
,,,,
,,,,
,,,,
,,,,
,,,,
,,,,
,,,,
,,,,
,,,,
,,,,
,,,,
,,,,
,,,,
,,,,
,,,,
,,,,
,,,,
,,,,
,,,,
,,,,
,,,,
,,,,
,,,,
,,,,
,,,,
,,,,
,,,,
,,,,
,,,,
,,,,
,,,,
,,,,
,,,,
,,,,
,,,,
,,,,
,,,,
,,,,
,,,,
,,,,
,,,,
,,,,
,,,,
,,,,
,,,,
,,,,
,,,,
,,,,
,,,,
,,,,
,,,,
,,,,
,,,,
,,,,
,,,,
,,,,
,,,,
,,,,
,,,,
,,,,
,,,,
,,,,
,,,,
,,,,
,,,,
,,,,
,,,,
,,,,
,,,,
,,,,
,,,,
,,,,
,,,,
,,,,
,,,,
,,,,
,,,,
,,,,
,,,,
,,,,
,,,,
,,,,
,,,,
,,,,
,,,,
,,,,
,,,,
,,,,
,,,,
,,,,
,,,,
,,,,
,,,,
,,,,
,,,,
,,,,
,,,,
,,,,
,,,,
,,,,
,,,,
,,,,
,,,,
,,,,
,,,,
,,,,
,,,,
,,,,
,,,,
,,,,
,,,,
,,,,
,,,,
,,,,
,,,,
,,,,
,,,,
,,,,
,,,,
,,,,
,,,,
,,,,
,,,,
,,,,
,,,,
,,,,
,,,,
,,,,
,,,,
,,,,
,,,,
,,,,
,,,,
,,,,
,,,,
,,,,
,,,,
,,,,
,,,,
,,,,
,,,,
,,,,
,,,,
,,,,
,,,,
,,,,
,,,,
,,,,
,,,,
,,,,
,,,,
,,,,
,,,,
,,,,
,,,,
,,,,
,,,,
,,,,
,,,,
,,,,
,,,,
,,,,
,,,,
,,,,
,,,,
,,,,
,,,,
,,,,
,,,,
,,,,
,,,,
,,,,
,,,,
,,,,
,,,,
,,,,
,,,,
,,,,
,,,,
,,,,
,,,,
,,,,
,,,,
,,,,
,,,,
,,,,
,,,,
,,,,
,,,,
,,,,
,,,,
,,,,
,,,,
,,,,
,,,,
,,,,
,,,,
,,,,
,,,,
,,,,
,,,,
,,,,
,,,,
,,,,
,,,,
,,,,
,,,,
,,,,
,,,,
,,,,
,,,,
,,,,
,,,,
,,,,
,,,,
,,,,
,,,,
,,,,
,,,,
,,,,
,,,,
,,,,
,,,,
,,,,
,,,,
,,,,
,,,,
,,,,
,,,,
,,,,
,,,,
,,,,
,,,,
,,,,
,,,,
,,,,
,,,,
,,,,
,,,,
,,,,
,,,,
,,,,
,,,,
,,,,
,,,,
,,,,
,,,,
,,,,
,,,,
,,,,
,,,,
,,,,
,,,,
,,,,
,,,,
,,,,
,,,,
,,,,
,,,,
,,,,
,,,,
,,,,
,,,,
,,,,
,,,,
,,,,
,,,,
,,,,
,,,,
,,,,
,,,,
,,,,
,,,,
,,,,
,,,,
,,,,
,,,,
,,,,
,,,,
,,,,
,,,,
,,,,
,,,,
,,,,
,,,,
,,,,
,,,,
,,,,
,,,,
,,,,
,,,,
,,,,
,,,,
,,,,
,,,,
,,,,
,,,,
,,,,
,,,,
,,,,
,,,,
,,,,
,,,,
,,,,
,,,,
,,,,
,,,,
,,,,
,,,,
,,,,
,,,,
,,,,
,,,,
,,,,
,,,,
,,,,
,,,,
,,,,
,,,,
,,,,
,,,,
,,,,
,,,,
,,,,
,,,,
,,,,
,,,,
,,,,
,,,,
,,,,
,,,,
,,,,
,,,,
,,,,
,,,,
,,,,
,,,,
,,,,
,,,,
,,,,
,,,,
,,,,
,,,,
,,,,
,,,,
,,,,
,,,,
,,,,
,,,,
,,,,
,,,,
,,,,
,,,,
,,,,
,,,,
,,,,
,,,,
,,,,
,,,,
,,,,
,,,,
,,,,
,,,,
,,,,
,,,,
,,,,
,,,,
,,,,
,,,,
,,,,
,,,,
,,,,
,,,,
,,,,
,,,,
,,,,
,,,,
,,,,
,,,,
,,,,
,,,,
,,,,
,,,,
,,,,
,,,,
,,,,
,,,,
,,,,
,,,,
,,,,
,,,,
,,,,
,,,,
,,,,
,,,,
,,,,
,,,,
,,,,
,,,,
,,,,
,,,,
,,,,
,,,,
,,,,
,,,,
,,,,
,,,,
,,,,
,,,,
,,,,
,,,,
,,,,
,,,,
,,,,
,,,,
,,,,
,,,,
,,,,
,,,,
,,,,
,,,,
,,,,
,,,,
,,,,
,,,,
,,,,
,,,,
,,,,
,,,,
,,,,
,,,,
,,,,
,,,,
,,,,
,,,,
,,,,
,,,,
,,,,
,,,,
,,,,
,,,,
,,,,
,,,,
,,,,
,,,,
,,,,
,,,,
,,,,
,,,,
,,,,
,,,,
,,,,
,,,,
,,,,
,,,,
,,,,
,,,,
,,,,
,,,,
,,,,
,,,,
,,,,
,,,,
,,,,
,,,,
,,,,
,,,,
,,,,
,,,,
,,,,
,,,,
,,,,
,,,,
,,,,
,,,,
,,,,
,,,,
,,,,
,,,,
,,,,
,,,,
,,,,
,,,,
,,,,
,,,,
,,,,
,,,,
,,,,
,,,,
,,,,
,,,,
,,,,
,,,,
,,,,
,,,,
,,,,
,,,,
,,,,
,,,,
,,,,
,,,,
,,,,
,,,,
,,,,
,,,,
,,,,
,,,,
,,,,
,,,,
,,,,
,,,,
,,,,
,,,,
,,,,
,,,,
,,,,
,,,,
,,,,
,,,,
,,,,
,,,,
,,,,
,,,,
,,,,
,,,,
,,,,
,,,,
,,,,
,,,,
,,,,
,,,,
,,,,
,,,,
,,,,
,,,,
,,,,
,,,,
,,,,
,,,,
,,,,
,,,,
,,,,
,,,,
,,,,
,,,,
,,,,
,,,,
,,,,
,,,,
,,,,
,,,,
,,,,
,,,,
,,,,
,,,,
,,,,
,,,,
,,,,
,,,,
,,,,
,,,,
,,,,
,,,,
,,,,
,,,,
,,,,
,,,,
,,,,
,,,,
,,,,
,,,,
,,,,
,,,,
,,,,
,,,,
,,,,
,,,,
,,,,
,,,,
,,,,
,,,,
,,,,
,,,,
,,,,
,,,,
,,,,
,,,,
,,,,
,,,,
,,,,
,,,,
,,,,
,,,,
,,,,
,,,,
,,,,
,,,,
,,,,
,,,,
,,,,
,,,,
,,,,
,,,,
,,,,
,,,,
,,,,
,,,,
,,,,
,,,,
,,,,
,,,,
,,,,
,,,,
,,,,
,,,,
,,,,
,,,,
,,,,
,,,,
,,,,
,,,,
,,,,
,,,,
,,,,
,,,,
,,,,
,,,,
,,,,
,,,,
,,,,
,,,,
,,,,
,,,,
,,,,
,,,,
,,,,
,,,,
,,,,
,,,,
,,,,
,,,,
,,,,
,,,,
,,,,
,,,,
,,,,
,,,,
,,,,
,,,,
,,,,
,,,,
,,,,
,,,,
,,,,
,,,,
,,,,
,,,,
,,,,
,,,,
,,,,
,,,,
,,,,
,,,,
,,,,
,,,,
,,,,
,,,,
,,,,
,,,,
,,,,
,,,,
,,,,
,,,,
,,,,
,,,,
,,,,
,,,,
,,,,
,,,,
,,,,
,,,,
,,,,
,,,,
,,,,
,,,,
,,,,
,,,,
,,,,
,,,,
,,,,
,,,,
,,,,
,,,,
,,,,
,,,,
,,,,
,,,,
,,,,
,,,,
,,,,
,,,,
,,,,
,,,,
,,,,
,,,,
,,,,
,,,,
,,,,
,,,,
,,,,
,,,,
,,,,
,,,,
,,,,
,,,,
,,,,
,,,,
,,,,
,,,,
,,,,
,,,,
,,,,
,,,,
,,,,
,,,,
,,,,
,,,,
,,,,
,,,,
,,,,
,,,,
,,,,
,,,,
,,,,
,,,,
,,,,
,,,,
,,,,
,,,,
,,,,
,,,,
,,,,
,,,,
,,,,
,,,,
,,,,
,,,,
,,,,
,,,,
,,,,
,,,,
,,,,
,,,,
,,,,
,,,,
,,,,
,,,,
,,,,
,,,,
,,,,
,,,,
,,,,
,,,,
,,,,
,,,,
,,,,
,,,,
,,,,
,,,,
,,,,
,,,,
,,,,
,,,,
,,,,
,,,,
,,,,
,,,,
,,,,
,,,,
,,,,
,,,,
,,,,
,,,,
,,,,
,,,,
,,,,
,,,,
,,,,
,,,,
,,,,
,,,,
,,,,
,,,,
,,,,
,,,,
,,,,
,,,,
,,,,
,,,,
,,,,
,,,,
,,,,
,,,,
,,,,
,,,,
,,,,
,,,,
,,,,
,,,,
,,,,
,,,,
,,,,
,,,,
,,,,
,,,,
,,,,
,,,,
,,,,
,,,,
,,,,
,,,,
,,,,
,,,,
,,,,
,,,,
,,,,
,,,,
,,,,
,,,,
,,,,
,,,,
,,,,
,,,,
,,,,
,,,,
,,,,
,,,,
,,,,
,,,,
,,,,
,,,,
,,,,
,,,,
,,,,
,,,,
,,,,
,,,,
,,,,
,,,,
,,,,
,,,,
,,,,
,,,,
,,,,
,,,,
,,,,
,,,,
,,,,
,,,,
,,,,
,,,,
,,,,
,,,,
,,,,
,,,,
,,,,
,,,,
,,,,
,,,,
,,,,
,,,,
,,,,
,,,,
,,,,
,,,,
,,,,
,,,,
,,,,
,,,,
,,,,
,,,,
,,,,
,,,,
,,,,
,,,,
,,,,
,,,,
,,,,
,,,,
,,,,
,,,,
,,,,
,,,,
,,,,
,,,,
,,,,
,,,,
,,,,
,,,,
,,,,
,,,,
,,,,
,,,,
,,,,
,,,,
,,,,
,,,,
,,,,
,,,,
,,,,
,,,,
,,,,
,,,,
,,,,
,,,,
,,,,
,,,,
,,,,
,,,,
,,,,
,,,,
,,,,
,,,,
,,,,
,,,,
,,,,
,,,,
,,,,
,,,,
,,,,
,,,,
,,,,
,,,,
,,,,
,,,,
,,,,
,,,,
,,,,
,,,,
,,,,
,,,,
,,,,
,,,,
,,,,
,,,,
,,,,
,,,,
,,,,
,,,,
,,,,
,,,,
,,,,
,,,,
,,,,
,,,,
,,,,
,,,,
,,,,
,,,,
,,,,
,,,,
,,,,
,,,,
,,,,
,,,,
,,,,
,,,,
,,,,
,,,,
,,,,
,,,,
,,,,
,,,,
,,,,
,,,,
,,,,
,,,,
,,,,
,,,,
,,,,
,,,,
,,,,
,,,,
,,,,
,,,,
,,,,
,,,,
,,,,
,,,,
,,,,
,,,,
,,,,
,,,,
,,,,
,,,,
,,,,
,,,,
,,,,
,,,,
,,,,
,,,,
,,,,
,,,,
,,,,
,,,,
,,,,
,,,,
,,,,
,,,,
,,,,
,,,,
,,,,
,,,,
,,,,
,,,,
,,,,
,,,,
,,,,
,,,,
,,,,
,,,,
,,,,
,,,,
,,,,
,,,,
,,,,
,,,,
,,,,
,,,,
,,,,
,,,,
,,,,
,,,,
,,,,
,,,,
,,,,
,,,,
,,,,
,,,,
,,,,
,,,,
,,,,
,,,,
,,,,
,,,,
,,,,
,,,,
,,,,
,,,,
,,,,
,,,,
,,,,
,,,,
,,,,
,,,,
,,,,
,,,,
,,,,
,,,,
,,,,
,,,,
,,,,
,,,,
,,,,
,,,,
,,,,
,,,,
,,,,
,,,,
,,,,
,,,,
,,,,
,,,,
,,,,
,,,,
,,,,
,,,,
,,,,
,,,,
,,,,
,,,,
,,,,
,,,,
,,,,
,,,,
,,,,
,,,,
,,,,
,,,,
,,,,
,,,,
,,,,
,,,,
,,,,
,,,,
,,,,
,,,,
,,,,
,,,,
,,,,
,,,,
,,,,
,,,,
,,,,
,,,,
,,,,
,,,,
,,,,
,,,,
,,,,
,,,,
,,,,
,,,,
,,,,
,,,,
,,,,
,,,,
,,,,
,,,,
,,,,
,,,,
,,,,
,,,,
,,,,
,,,,
,,,,
,,,,
,,,,
,,,,
,,,,
,,,,
,,,,
,,,,
,,,,
,,,,
,,,,
,,,,
,,,,
,,,,
,,,,
,,,,
,,,,
,,,,
,,,,
,,,,
,,,,
,,,,
,,,,
,,,,
,,,,
,,,,
,,,,
,,,,
,,,,
,,,,
,,,,
,,,,
,,,,
,,,,
,,,,
,,,,
,,,,
,,,,
,,,,
,,,,
,,,,
,,,,
,,,,
,,,,
,,,,
,,,,
,,,,
,,,,
,,,,
,,,,
,,,,
,,,,
,,,,
,,,,
,,,,
,,,,
,,,,
,,,,
,,,,
,,,,
,,,,
,,,,
,,,,
,,,,
,,,,
,,,,
,,,,
,,,,
,,,,
,,,,
,,,,
,,,,
,,,,
,,,,
,,,,
,,,,
,,,,
,,,,
,,,,
,,,,
,,,,
,,,,
,,,,
,,,,
,,,,
,,,,
,,,,
,,,,
,,,,
,,,,
,,,,
,,,,
,,,,
,,,,
,,,,
,,,,
,,,,
,,,,
,,,,
,,,,
,,,,
,,,,
,,,,
,,,,
,,,,
,,,,
,,,,
,,,,
,,,,
,,,,
,,,,
,,,,
,,,,
,,,,
,,,,
,,,,
,,,,
,,,,
,,,,
,,,,
,,,,
,,,,
,,,,
,,,,
,,,,
,,,,
,,,,
,,,,
,,,,
,,,,
,,,,
,,,,
,,,,
,,,,
,,,,
,,,,
,,,,
,,,,
,,,,
,,,,
,,,,
,,,,
,,,,
,,,,
,,,,
,,,,
,,,,
,,,,
,,,,
,,,,
,,,,
,,,,
,,,,
,,,,
,,,,
,,,,
,,,,
,,,,
,,,,
,,,,
,,,,
,,,,
,,,,
,,,,
,,,,
,,,,
,,,,
,,,,
,,,,
,,,,
,,,,
,,,,
,,,,
,,,,
,,,,
,,,,
,,,,
,,,,
,,,,
,,,,
,,,,
,,,,
,,,,
,,,,
,,,,
,,,,
,,,,
,,,,
,,,,
,,,,
,,,,
,,,,
,,,,
,,,,
,,,,
,,,,
,,,,
,,,,
,,,,
,,,,
,,,,
,,,,
,,,,
,,,,
,,,,
,,,,
,,,,
,,,,
,,,,
,,,,
,,,,
,,,,
,,,,
,,,,
,,,,
,,,,
,,,,
,,,,
,,,,
,,,,
,,,,
,,,,
,,,,
,,,,
,,,,
,,,,
,,,,
,,,,
,,,,
,,,,
,,,,
,,,,
,,,,
,,,,
,,,,
,,,,
,,,,
,,,,
,,,,
,,,,
,,,,
,,,,
,,,,
,,,,
,,,,
,,,,
,,,,
,,,,
,,,,
,,,,
,,,,
,,,,
,,,,
,,,,
,,,,
,,,,
,,,,
,,,,
,,,,
,,,,
,,,,
,,,,
,,,,
,,,,
,,,,
,,,,
,,,,
,,,,
,,,,
,,,,
,,,,
,,,,
,,,,
,,,,
,,,,
,,,,
,,,,
,,,,
,,,,
,,,,
,,,,
,,,,
,,,,
,,,,
,,,,
,,,,
,,,,
,,,,
,,,,
,,,,
,,,,
,,,,
,,,,
,,,,
,,,,
,,,,
,,,,
,,,,
,,,,
,,,,
,,,,
,,,,
,,,,
,,,,
,,,,
,,,,
,,,,
,,,,
,,,,
,,,,
,,,,
,,,,
,,,,
,,,,
,,,,
,,,,
,,,,
,,,,
,,,,
,,,,
,,,,
,,,,
,,,,
,,,,
,,,,
,,,,
,,,,
,,,,
,,,,
,,,,
,,,,
,,,,
,,,,
,,,,
,,,,
,,,,
,,,,
,,,,
,,,,
,,,,
,,,,
,,,,
,,,,
,,,,
,,,,
,,,,
,,,,
,,,,
,,,,
,,,,
,,,,
,,,,
,,,,
,,,,
,,,,
,,,,
,,,,
,,,,
,,,,
,,,,
,,,,
,,,,
,,,,
,,,,
,,,,
,,,,
,,,,
,,,,
,,,,
,,,,
,,,,
,,,,
,,,,
,,,,
,,,,
,,,,
,,,,
,,,,
,,,,
,,,,
,,,,
,,,,
,,,,
,,,,
,,,,
,,,,
,,,,
,,,,
,,,,
,,,,
,,,,
,,,,
,,,,
,,,,
,,,,
,,,,
,,,,
,,,,
,,,,
,,,,
,,,,
,,,,
,,,,
,,,,
,,,,
,,,,
,,,,
,,,,
,,,,
,,,,
,,,,
,,,,
,,,,
,,,,
,,,,
,,,,
,,,,
,,,,
,,,,
,,,,
,,,,
,,,,
,,,,
,,,,
,,,,
,,,,
,,,,
,,,,
,,,,
,,,,
,,,,
,,,,
,,,,
,,,,
,,,,
,,,,
,,,,
,,,,
,,,,
,,,,
,,,,
,,,,
,,,,
,,,,
,,,,
,,,,
,,,,
,,,,
,,,,
,,,,
,,,,
,,,,
,,,,
,,,,
,,,,
,,,,
,,,,
,,,,
,,,,
,,,,
,,,,
,,,,
,,,,
,,,,
,,,,
,,,,
,,,,
,,,,
,,,,
,,,,
,,,,
,,,,
,,,,
,,,,
,,,,
,,,,
,,,,
,,,,
,,,,
,,,,
,,,,
,,,,
,,,,
,,,,
,,,,
,,,,
,,,,
,,,,
,,,,
,,,,
,,,,
,,,,
,,,,
,,,,
,,,,
,,,,
,,,,
,,,,
,,,,
,,,,
,,,,
,,,,
,,,,
,,,,
,,,,
,,,,
,,,,
,,,,
,,,,
,,,,
,,,,
,,,,
,,,,
,,,,
,,,,
,,,,
,,,,
,,,,
,,,,
,,,,
,,,,
,,,,
,,,,
,,,,
,,,,
,,,,
,,,,
,,,,
,,,,
,,,,
,,,,
,,,,
,,,,
,,,,
,,,,
,,,,
,,,,
,,,,
,,,,
,,,,
,,,,
,,,,
,,,,
,,,,
,,,,
,,,,
,,,,
,,,,
,,,,
,,,,
,,,,
,,,,
,,,,
,,,,
,,,,
,,,,
,,,,
,,,,
,,,,
,,,,
,,,,
,,,,
,,,,
,,,,
,,,,
,,,,
,,,,
,,,,
,,,,
,,,,
,,,,
,,,,
,,,,
,,,,
,,,,
,,,,
,,,,
,,,,
,,,,
,,,,
,,,,
,,,,
,,,,
,,,,
,,,,
,,,,
,,,,
,,,,
,,,,
,,,,
,,,,
,,,,
,,,,
,,,,
,,,,
,,,,
,,,,
,,,,
,,,,
,,,,
,,,,
,,,,
,,,,
,,,,
,,,,
,,,,
,,,,
,,,,
,,,,
,,,,
,,,,
,,,,
,,,,
,,,,
,,,,
,,,,
,,,,
,,,,
,,,,
,,,,
,,,,
,,,,
,,,,
,,,,
,,,,
,,,,
,,,,
,,,,
,,,,
,,,,
,,,,
,,,,
,,,,
,,,,
,,,,
,,,,
,,,,
,,,,
,,,,
,,,,
,,,,
,,,,
,,,,
,,,,
,,,,
,,,,
,,,,
,,,,
,,,,
,,,,
,,,,
,,,,
,,,,
,,,,
,,,,
,,,,
,,,,
,,,,
,,,,
,,,,
,,,,
,,,,
,,,,
,,,,
,,,,
,,,,
,,,,
,,,,
,,,,
,,,,
,,,,
,,,,
,,,,
,,,,
,,,,
,,,,
,,,,
,,,,
,,,,
,,,,
,,,,
,,,,
,,,,
,,,,
,,,,
,,,,
,,,,
,,,,
,,,,
,,,,
,,,,
,,,,
,,,,
,,,,
,,,,
,,,,
,,,,
,,,,
,,,,
,,,,
,,,,
,,,,
,,,,
,,,,
,,,,
,,,,
,,,,
,,,,
,,,,
,,,,
,,,,
,,,,
,,,,
,,,,
,,,,
,,,,
,,,,
,,,,
,,,,
,,,,
,,,,
,,,,
,,,,
,,,,
,,,,
,,,,
,,,,
,,,,
,,,,
,,,,
,,,,
,,,,
,,,,
,,,,
,,,,
,,,,
,,,,
,,,,
,,,,
,,,,
,,,,
,,,,
,,,,
,,,,
,,,,
,,,,
,,,,
,,,,
,,,,
,,,,
,,,,
,,,,
,,,,
,,,,
,,,,
,,,,
,,,,
,,,,
,,,,
,,,,
,,,,
,,,,
,,,,
,,,,
,,,,
,,,,
,,,,
,,,,
,,,,
,,,,
,,,,
,,,,
,,,,
,,,,
,,,,
,,,,
,,,,
,,,,
,,,,
,,,,
,,,,
,,,,
,,,,
,,,,
,,,,
,,,,
,,,,
,,,,
,,,,
,,,,
,,,,
,,,,
,,,,
,,,,
,,,,
,,,,
,,,,
,,,,
,,,,
,,,,
,,,,
,,,,
,,,,
,,,,
,,,,
,,,,
,,,,
,,,,
,,,,
,,,,
,,,,
,,,,
,,,,
,,,,
,,,,
,,,,
,,,,
,,,,
,,,,
,,,,
,,,,
,,,,
,,,,
,,,,
,,,,
,,,,
,,,,
,,,,
,,,,
,,,,
,,,,
,,,,
,,,,
,,,,
,,,,
,,,,
,,,,
,,,,
,,,,
,,,,
,,,,
,,,,
,,,,
,,,,
,,,,
,,,,
,,,,
,,,,
,,,,
,,,,
,,,,
,,,,
,,,,
,,,,
,,,,
,,,,
,,,,
,,,,
,,,,
,,,,
,,,,
,,,,
,,,,
,,,,
,,,,
,,,,
,,,,
,,,,
,,,,
,,,,
,,,,
,,,,
,,,,
,,,,
,,,,
,,,,
,,,,
,,,,
,,,,
,,,,
,,,,
,,,,
,,,,
,,,,
,,,,
,,,,
,,,,
,,,,
,,,,
,,,,
,,,,
,,,,
,,,,
,,,,
,,,,
,,,,
,,,,
,,,,
,,,,
,,,,
,,,,
,,,,
,,,,
,,,,
,,,,
,,,,
,,,,
,,,,
,,,,
,,,,
,,,,
,,,,
,,,,
,,,,
,,,,
,,,,
,,,,
,,,,
,,,,
,,,,
,,,,
,,,,
,,,,
,,,,
,,,,
,,,,
,,,,
,,,,
,,,,
,,,,
,,,,
,,,,
,,,,
,,,,
,,,,
,,,,
,,,,
,,,,
,,,,
,,,,
,,,,
,,,,
,,,,
,,,,
,,,,
,,,,
,,,,
,,,,
,,,,
,,,,
,,,,
,,,,
,,,,
,,,,
,,,,
,,,,
,,,,
,,,,
,,,,
,,,,
,,,,
,,,,
,,,,
,,,,
,,,,
,,,,
,,,,
,,,,
,,,,
,,,,
,,,,
,,,,
,,,,
,,,,
,,,,
,,,,
,,,,
,,,,
,,,,
,,,,
,,,,
,,,,
,,,,
,,,,
,,,,
,,,,
,,,,
,,,,
,,,,
,,,,
,,,,
,,,,
,,,,
,,,,
,,,,
,,,,
,,,,
,,,,
,,,,
,,,,
,,,,
,,,,
,,,,
,,,,
,,,,
,,,,
,,,,
,,,,
,,,,
,,,,
,,,,
,,,,
,,,,
,,,,
,,,,
,,,,
,,,,
,,,,
,,,,
,,,,
,,,,
,,,,
,,,,
,,,,
,,,,
,,,,
,,,,
,,,,
,,,,
,,,,
,,,,
,,,,
,,,,
,,,,
,,,,
,,,,
,,,,
,,,,
,,,,
,,,,
,,,,
,,,,
,,,,
,,,,
,,,,
,,,,
,,,,
,,,,
,,,,
,,,,
,,,,
,,,,
,,,,
,,,,
,,,,
,,,,
,,,,
,,,,
,,,,
,,,,
,,,,
,,,,
,,,,
,,,,
,,,,
,,,,
,,,,
,,,,
,,,,
,,,,
,,,,
,,,,
,,,,
,,,,
,,,,
,,,,
,,,,
,,,,
,,,,
,,,,
,,,,
,,,,
,,,,
,,,,
,,,,
,,,,
,,,,
,,,,
,,,,
,,,,
,,,,
,,,,
,,,,
,,,,
,,,,
,,,,
,,,,
,,,,
,,,,
,,,,
,,,,
,,,,
,,,,
,,,,
,,,,
,,,,
,,,,
,,,,
,,,,
,,,,
,,,,
,,,,
,,,,
,,,,
,,,,
,,,,
,,,,
,,,,
,,,,
,,,,
,,,,
,,,,
,,,,
,,,,
,,,,
,,,,
,,,,
,,,,
,,,,
,,,,
,,,,
,,,,
,,,,
,,,,
,,,,
,,,,
,,,,
,,,,
,,,,
,,,,
,,,,
,,,,
,,,,
,,,,
,,,,
,,,,
,,,,
,,,,
,,,,
,,,,
,,,,
,,,,
,,,,
,,,,
,,,,
,,,,
,,,,
,,,,
,,,,
,,,,
,,,,
,,,,
,,,,
,,,,
,,,,
,,,,
,,,,
,,,,
,,,,
,,,,
,,,,
,,,,
,,,,
,,,,
,,,,
,,,,
,,,,
,,,,
,,,,
,,,,
,,,,
,,,,
,,,,
,,,,
,,,,
,,,,
,,,,
,,,,
,,,,
,,,,
,,,,
,,,,
,,,,
,,,,
,,,,
,,,,
,,,,
,,,,
,,,,
,,,,
,,,,
,,,,
,,,,
,,,,
,,,,
,,,,
,,,,
,,,,
,,,,
,,,,
,,,,
,,,,
,,,,
,,,,
,,,,
,,,,
,,,,
,,,,
,,,,
,,,,
,,,,
,,,,
,,,,
,,,,
,,,,
,,,,
,,,,
,,,,
,,,,
,,,,
,,,,
,,,,
,,,,
,,,,
,,,,
,,,,
,,,,
,,,,
,,,,
,,,,
,,,,
,,,,
,,,,
,,,,
,,,,
,,,,
,,,,
,,,,
,,,,
,,,,
,,,,
,,,,
,,,,
,,,,
,,,,
,,,,
,,,,
,,,,
,,,,
,,,,
,,,,
,,,,
,,,,
,,,,
,,,,
,,,,
,,,,
,,,,
,,,,
,,,,
,,,,
,,,,
,,,,
,,,,
,,,,
,,,,
,,,,
,,,,
,,,,
,,,,
,,,,
,,,,
,,,,
,,,,
,,,,
,,,,
,,,,
,,,,
,,,,
,,,,
,,,,
,,,,
,,,,
,,,,
,,,,
,,,,
,,,,
,,,,
,,,,
,,,,
,,,,
,,,,
,,,,
,,,,
,,,,
,,,,
,,,,
,,,,
,,,,
,,,,
,,,,
,,,,
,,,,
,,,,
,,,,
,,,,
,,,,
,,,,
,,,,
,,,,
,,,,
,,,,
,,,,
,,,,
,,,,
,,,,
,,,,
,,,,
,,,,
,,,,
,,,,
,,,,
,,,,
,,,,
,,,,
,,,,
,,,,
,,,,
,,,,
,,,,
,,,,
,,,,
,,,,
,,,,
,,,,
,,,,
,,,,
,,,,
,,,,
,,,,
,,,,
,,,,
,,,,
,,,,
,,,,
,,,,
,,,,
,,,,
,,,,
,,,,
,,,,
,,,,
,,,,
,,,,
,,,,
,,,,
,,,,
,,,,
,,,,
,,,,
,,,,
,,,,
,,,,
,,,,
,,,,
,,,,
,,,,
,,,,
,,,,
,,,,
,,,,
,,,,
,,,,
,,,,
,,,,
,,,,
,,,,
,,,,
,,,,
,,,,
,,,,
,,,,
,,,,
,,,,
,,,,
,,,,
,,,,
,,,,
,,,,
,,,,
,,,,
,,,,
,,,,
,,,,
,,,,
,,,,
,,,,
,,,,
,,,,
,,,,
,,,,
,,,,
,,,,
,,,,
,,,,
,,,,
,,,,
,,,,
,,,,
,,,,
,,,,
,,,,
,,,,
,,,,
,,,,
,,,,
,,,,
,,,,
,,,,
,,,,
,,,,
,,,,
,,,,
,,,,
,,,,
,,,,
,,,,
,,,,
,,,,
,,,,
,,,,
,,,,
,,,,
,,,,
,,,,
,,,,
,,,,
,,,,
,,,,
,,,,
,,,,
,,,,
,,,,
,,,,
,,,,
,,,,
,,,,
,,,,
,,,,
,,,,
,,,,
,,,,
,,,,
,,,,
,,,,
,,,,
,,,,
,,,,
,,,,
,,,,
,,,,
,,,,
,,,,
,,,,
,,,,
,,,,
,,,,
,,,,
,,,,
,,,,
,,,,
,,,,
,,,,
,,,,
,,,,
,,,,
,,,,
,,,,
,,,,
,,,,
,,,,
,,,,
,,,,
,,,,
,,,,
,,,,
,,,,
,,,,
,,,,
,,,,
,,,,
,,,,
,,,,
,,,,
,,,,
,,,,
,,,,
,,,,
,,,,
,,,,
,,,,
,,,,
,,,,
,,,,
,,,,
,,,,
,,,,
,,,,
,,,,
,,,,
,,,,
,,,,
,,,,
,,,,
,,,,
,,,,
,,,,
,,,,
,,,,
,,,,
,,,,
,,,,
,,,,
,,,,
,,,,
,,,,
,,,,
,,,,
,,,,
,,,,
,,,,
,,,,
,,,,
,,,,
,,,,
,,,,
,,,,
,,,,
,,,,
,,,,
,,,,
,,,,
,,,,
,,,,
,,,,
,,,,
,,,,
,,,,
,,,,
,,,,
,,,,
,,,,
,,,,
,,,,
,,,,
,,,,
,,,,
,,,,
,,,,
,,,,
,,,,
,,,,
,,,,
,,,,
,,,,
,,,,
,,,,
,,,,
,,,,
,,,,
,,,,
,,,,
,,,,
,,,,
,,,,
,,,,
,,,,
,,,,
,,,,
,,,,
,,,,
,,,,
,,,,
,,,,
,,,,
,,,,
,,,,
,,,,
,,,,
,,,,
,,,,
,,,,
,,,,
,,,,
,,,,
,,,,
,,,,
,,,,
,,,,
,,,,
,,,,
,,,,
,,,,
,,,,
,,,,
,,,,
,,,,
,,,,
,,,,
,,,,
,,,,
,,,,
,,,,
,,,,
,,,,
,,,,
,,,,
,,,,
,,,,
,,,,
,,,,
,,,,
,,,,
,,,,
,,,,
,,,,
,,,,
,,,,
,,,,
,,,,
,,,,
,,,,
,,,,
,,,,
,,,,
,,,,
,,,,
,,,,
,,,,
,,,,
,,,,
,,,,
,,,,
,,,,
,,,,
,,,,
,,,,
,,,,
,,,,
,,,,
,,,,
,,,,
,,,,
,,,,
,,,,
,,,,
,,,,
,,,,
,,,,
,,,,
,,,,
,,,,
,,,,
,,,,
,,,,
,,,,
,,,,
,,,,
,,,,
,,,,
,,,,
,,,,
,,,,
,,,,
,,,,
,,,,
,,,,
,,,,
,,,,
,,,,
,,,,
,,,,
,,,,
,,,,
,,,,
,,,,
,,,,
,,,,
,,,,
,,,,
,,,,
,,,,
,,,,
,,,,
,,,,
,,,,
,,,,
,,,,
,,,,
,,,,
,,,,
,,,,
,,,,
,,,,
,,,,
,,,,
,,,,
,,,,
,,,,
,,,,
,,,,
,,,,
,,,,
,,,,
,,,,
,,,,
,,,,
,,,,
,,,,
,,,,
,,,,
,,,,
,,,,
,,,,
,,,,
,,,,
,,,,
,,,,
,,,,
,,,,
,,,,
,,,,
,,,,
,,,,
,,,,
,,,,
,,,,
,,,,
,,,,
,,,,
,,,,
,,,,
,,,,
,,,,
,,,,
,,,,
,,,,
,,,,
,,,,
,,,,
,,,,
,,,,
,,,,
,,,,
,,,,
,,,,
,,,,
,,,,
,,,,
,,,,
,,,,
,,,,
,,,,
,,,,
,,,,
,,,,
,,,,
,,,,
,,,,
,,,,
,,,,
,,,,
,,,,
,,,,
,,,,
,,,,
,,,,
,,,,
,,,,
,,,,
,,,,
,,,,
,,,,
,,,,
,,,,
,,,,
,,,,
,,,,
,,,,
,,,,
,,,,
,,,,
,,,,
,,,,
,,,,
,,,,
,,,,
,,,,
,,,,
,,,,
,,,,
,,,,
,,,,
,,,,
,,,,
,,,,
,,,,
,,,,
,,,,
,,,,
,,,,
,,,,
,,,,
,,,,
,,,,
,,,,
,,,,
,,,,
,,,,
,,,,
,,,,
,,,,
,,,,
,,,,
,,,,
,,,,
,,,,
,,,,
,,,,
,,,,
,,,,
,,,,
,,,,
,,,,
,,,,
,,,,
,,,,
,,,,
,,,,
,,,,
,,,,
,,,,
,,,,
,,,,
,,,,
,,,,
,,,,
,,,,
,,,,
,,,,
,,,,
,,,,
,,,,
,,,,
,,,,
,,,,
,,,,
,,,,
,,,,
,,,,
,,,,
,,,,
,,,,
,,,,
,,,,
,,,,
,,,,
,,,,
,,,,
,,,,
,,,,
,,,,
,,,,
,,,,
,,,,
,,,,
,,,,
,,,,
,,,,
,,,,
,,,,
,,,,
,,,,
,,,,
,,,,
,,,,
,,,,
,,,,
,,,,
,,,,
,,,,
,,,,
,,,,
,,,,
,,,,
,,,,
,,,,
,,,,
,,,,
,,,,
,,,,
,,,,
,,,,
,,,,
,,,,
,,,,
,,,,
,,,,
,,,,
,,,,
,,,,
,,,,
,,,,
,,,,
,,,,
,,,,
,,,,
,,,,
,,,,
,,,,
,,,,
,,,,
,,,,
,,,,
,,,,
,,,,
,,,,
,,,,
,,,,
,,,,
,,,,
,,,,
,,,,
,,,,
,,,,
,,,,
,,,,
,,,,
,,,,
,,,,
,,,,
,,,,
,,,,
,,,,
,,,,
,,,,
,,,,
,,,,
,,,,
,,,,
,,,,
,,,,
,,,,
,,,,
,,,,
,,,,
,,,,
,,,,
,,,,
,,,,
,,,,
,,,,
,,,,
,,,,
,,,,
,,,,
,,,,
,,,,
,,,,
,,,,
,,,,
,,,,
,,,,
,,,,
,,,,
,,,,
,,,,
,,,,
,,,,
,,,,
,,,,
,,,,
,,,,
,,,,
,,,,
,,,,
,,,,
,,,,
,,,,
,,,,
,,,,
,,,,
,,,,
,,,,
,,,,
,,,,
,,,,
,,,,
,,,,
,,,,
,,,,
,,,,
,,,,
,,,,
,,,,
,,,,
,,,,
,,,,
,,,,
,,,,
,,,,
,,,,
,,,,
,,,,
,,,,
,,,,
,,,,
,,,,
,,,,
,,,,
,,,,
,,,,
,,,,
,,,,
,,,,
,,,,
,,,,
,,,,
,,,,
,,,,
,,,,
,,,,
,,,,
,,,,
,,,,
,,,,
,,,,
,,,,
,,,,
,,,,
,,,,
,,,,
,,,,
,,,,
,,,,
,,,,
,,,,
,,,,
,,,,
,,,,
,,,,
,,,,
,,,,
,,,,
,,,,
,,,,
,,,,
,,,,
,,,,
,,,,
,,,,
,,,,
,,,,
,,,,
,,,,
,,,,
,,,,
,,,,
,,,,
,,,,
,,,,
,,,,
,,,,
,,,,
,,,,
,,,,
,,,,
,,,,
,,,,
,,,,
,,,,
,,,,
,,,,
,,,,
,,,,
,,,,
,,,,
,,,,
,,,,
,,,,
,,,,
,,,,
,,,,
,,,,
,,,,
,,,,
,,,,
,,,,
,,,,
,,,,
,,,,
,,,,
,,,,
,,,,
,,,,
,,,,
,,,,
,,,,
,,,,
,,,,
,,,,
,,,,
,,,,
,,,,
,,,,
,,,,
,,,,
,,,,
,,,,
,,,,
,,,,
,,,,
,,,,
,,,,
,,,,
,,,,
,,,,
,,,,
,,,,
,,,,
,,,,
,,,,
,,,,
,,,,
,,,,
,,,,
,,,,
,,,,
,,,,
,,,,
,,,,
,,,,
,,,,
,,,,
,,,,
,,,,
,,,,
,,,,
,,,,
,,,,
,,,,
,,,,
,,,,
,,,,
,,,,
,,,,
,,,,
,,,,
,,,,
,,,,
,,,,
,,,,
,,,,
,,,,
,,,,
,,,,
,,,,
,,,,
,,,,
,,,,
,,,,
,,,,
,,,,
,,,,
,,,,
,,,,
,,,,
,,,,
,,,,
,,,,
,,,,
,,,,
,,,,
,,,,
,,,,
,,,,
,,,,
,,,,
,,,,
,,,,
,,,,
,,,,
,,,,
,,,,
,,,,
,,,,
,,,,
,,,,
,,,,
,,,,
,,,,
,,,,
,,,,
,,,,
,,,,
,,,,
,,,,
,,,,
,,,,
,,,,
,,,,
,,,,
,,,,
,,,,
,,,,
,,,,
,,,,
,,,,
,,,,
,,,,
,,,,
,,,,
,,,,
,,,,
,,,,
,,,,
,,,,
,,,,
,,,,
,,,,
,,,,
,,,,
,,,,
,,,,
,,,,
,,,,
,,,,
,,,,
,,,,
,,,,
,,,,
,,,,
,,,,
,,,,
,,,,
,,,,
,,,,
,,,,
,,,,
,,,,
,,,,
,,,,
,,,,
,,,,
,,,,
,,,,
,,,,
,,,,
,,,,
,,,,
,,,,
,,,,
,,,,
,,,,
,,,,
,,,,
,,,,
,,,,
,,,,
,,,,
,,,,
,,,,
,,,,
,,,,
,,,,
,,,,
,,,,
,,,,
,,,,
,,,,
,,,,
,,,,
,,,,
,,,,
,,,,
,,,,
,,,,
,,,,
,,,,
,,,,
,,,,
,,,,
,,,,
,,,,
,,,,
,,,,
,,,,
,,,,
,,,,
,,,,
,,,,
,,,,
,,,,
,,,,
,,,,
,,,,
,,,,
,,,,
,,,,
,,,,
,,,,
,,,,
,,,,
,,,,
,,,,
,,,,
,,,,
,,,,
,,,,
,,,,
,,,,
,,,,
,,,,
,,,,
,,,,
,,,,
,,,,
,,,,
,,,,
,,,,
,,,,
,,,,
,,,,
,,,,
,,,,
,,,,
,,,,
,,,,
,,,,
,,,,
,,,,
,,,,
,,,,
,,,,
,,,,
,,,,
,,,,
,,,,
,,,,
,,,,
,,,,
,,,,
,,,,
,,,,
,,,,
,,,,
,,,,
,,,,
,,,,
,,,,
,,,,
,,,,
,,,,
,,,,
,,,,
,,,,
,,,,
,,,,
,,,,
,,,,
,,,,
,,,,
,,,,
,,,,
,,,,
,,,,
,,,,
,,,,
,,,,
,,,,
,,,,
,,,,
,,,,
,,,,
,,,,
,,,,
,,,,
,,,,
,,,,
,,,,
,,,,
,,,,
,,,,
,,,,
,,,,
,,,,
,,,,
,,,,
,,,,
,,,,
,,,,
,,,,
,,,,
,,,,
,,,,
,,,,
,,,,
,,,,
,,,,
,,,,
,,,,
,,,,
,,,,
,,,,
,,,,
,,,,
,,,,
,,,,
,,,,
,,,,
,,,,
,,,,
,,,,
,,,,
,,,,
,,,,
,,,,
,,,,
,,,,
,,,,
,,,,
,,,,
,,,,
,,,,
,,,,
,,,,
,,,,
,,,,
,,,,
,,,,
,,,,
,,,,
,,,,
,,,,
,,,,
,,,,
,,,,
,,,,
,,,,
,,,,
,,,,
,,,,
,,,,
,,,,
,,,,
,,,,
,,,,
,,,,
,,,,
,,,,
,,,,
,,,,
,,,,
,,,,
,,,,
,,,,
,,,,
,,,,
,,,,
,,,,
,,,,
,,,,
,,,,
,,,,
,,,,
,,,,
,,,,
,,,,
,,,,
,,,,
,,,,
,,,,
,,,,
,,,,
,,,,
,,,,
,,,,
,,,,
,,,,
,,,,
,,,,
,,,,
,,,,
,,,,
,,,,
,,,,
,,,,
,,,,
,,,,
,,,,
,,,,
,,,,
,,,,
,,,,
,,,,
,,,,
,,,,
,,,,
,,,,
,,,,
,,,,
,,,,
,,,,
,,,,
,,,,
,,,,
,,,,
,,,,
,,,,
,,,,
,,,,
,,,,
,,,,
,,,,
,,,,
,,,,
,,,,
,,,,
,,,,
,,,,
,,,,
,,,,
,,,,
,,,,
,,,,
,,,,
,,,,
,,,,
,,,,
,,,,
,,,,
,,,,
,,,,
,,,,
,,,,
,,,,
,,,,
,,,,
,,,,
,,,,
,,,,
,,,,
,,,,
,,,,
,,,,
,,,,
,,,,
,,,,
,,,,
,,,,
,,,,
,,,,
,,,,
,,,,
,,,,
,,,,
,,,,
,,,,
,,,,
,,,,
,,,,
,,,,
,,,,
,,,,
,,,,
,,,,
,,,,
,,,,
,,,,
,,,,
,,,,
,,,,
,,,,
,,,,
,,,,
,,,,
,,,,
,,,,
,,,,
,,,,
,,,,
,,,,
,,,,
,,,,
,,,,
,,,,
,,,,
,,,,
,,,,
,,,,
,,,,
,,,,
,,,,
,,,,
,,,,
,,,,
,,,,
,,,,
,,,,
,,,,
,,,,
,,,,
,,,,
,,,,
,,,,
,,,,
,,,,
,,,,
,,,,
,,,,
,,,,
,,,,
,,,,
,,,,
,,,,
,,,,
,,,,
,,,,
,,,,
,,,,
,,,,
,,,,
,,,,
,,,,
,,,,
,,,,
,,,,
,,,,
,,,,
,,,,
,,,,
,,,,
,,,,
,,,,
,,,,
,,,,
,,,,
,,,,
,,,,
,,,,
,,,,
,,,,
,,,,
,,,,
,,,,
,,,,
,,,,
,,,,
,,,,
,,,,
,,,,
,,,,
,,,,
,,,,
,,,,
,,,,
,,,,
,,,,
,,,,
,,,,
,,,,
,,,,
,,,,
,,,,
,,,,
,,,,
,,,,
,,,,
,,,,
,,,,
,,,,
,,,,
,,,,
,,,,
,,,,
,,,,
,,,,
,,,,
,,,,
,,,,
,,,,
,,,,
,,,,
,,,,
,,,,
,,,,
,,,,
,,,,
,,,,
,,,,
,,,,
,,,,
,,,,
,,,,
,,,,
,,,,
,,,,
,,,,
,,,,
,,,,
,,,,
,,,,
,,,,
,,,,
,,,,
,,,,
,,,,
,,,,
,,,,
,,,,
,,,,
,,,,
,,,,
,,,,
,,,,
,,,,
,,,,
,,,,
,,,,
,,,,
,,,,
,,,,
,,,,
,,,,
,,,,
,,,,
,,,,
,,,,
,,,,
,,,,
,,,,
,,,,
,,,,
,,,,
,,,,
,,,,
,,,,
,,,,
,,,,
,,,,
,,,,
,,,,
,,,,
,,,,
,,,,
,,,,
,,,,
,,,,
,,,,
,,,,
,,,,
,,,,
,,,,
,,,,
,,,,
,,,,
,,,,
,,,,
,,,,
,,,,
,,,,
,,,,
,,,,
,,,,
,,,,
,,,,
,,,,
,,,,
,,,,
,,,,
,,,,
,,,,
,,,,
,,,,
,,,,
,,,,
,,,,
,,,,
,,,,
,,,,
,,,,
,,,,
,,,,
,,,,
,,,,
,,,,
,,,,
,,,,
,,,,
,,,,
,,,,
,,,,
,,,,
,,,,
,,,,
,,,,
,,,,
,,,,
,,,,
,,,,
,,,,
,,,,
,,,,
,,,,
,,,,
,,,,
,,,,
,,,,
,,,,
,,,,
,,,,
,,,,
,,,,
,,,,
,,,,
,,,,
,,,,
,,,,
,,,,
,,,,
,,,,
,,,,
,,,,
,,,,
,,,,
,,,,
,,,,
,,,,
,,,,
,,,,
,,,,
,,,,
,,,,
,,,,
,,,,
,,,,
,,,,
,,,,
,,,,
,,,,
,,,,
,,,,
,,,,
,,,,
,,,,
,,,,
,,,,
,,,,
,,,,
,,,,
,,,,
,,,,
,,,,
,,,,
,,,,
,,,,
,,,,
,,,,
,,,,
,,,,
,,,,
,,,,
,,,,
,,,,
,,,,
,,,,
,,,,
,,,,
,,,,
,,,,
,,,,
,,,,
,,,,
,,,,
,,,,
,,,,
,,,,
,,,,
,,,,
,,,,
,,,,
,,,,
,,,,
,,,,
,,,,
,,,,
,,,,
,,,,
,,,,
,,,,
,,,,
,,,,
,,,,
,,,,
,,,,
,,,,
,,,,
,,,,
,,,,
,,,,
,,,,
,,,,
,,,,
,,,,
,,,,
,,,,
,,,,
,,,,
,,,,
,,,,
,,,,
,,,,
,,,,
,,,,
,,,,
,,,,
,,,,
,,,,
,,,,
,,,,
,,,,
,,,,
,,,,
,,,,
,,,,
,,,,
,,,,
,,,,
,,,,
,,,,
,,,,
,,,,
,,,,
,,,,
,,,,
,,,,
,,,,
,,,,
,,,,
,,,,
,,,,
,,,,
,,,,
,,,,
,,,,
,,,,
,,,,
,,,,
,,,,
,,,,
,,,,
,,,,
,,,,
,,,,
,,,,
,,,,
,,,,
,,,,
,,,,
,,,,
,,,,
,,,,
,,,,
,,,,
,,,,
,,,,
,,,,
,,,,
,,,,
,,,,
,,,,
,,,,
,,,,
,,,,
,,,,
,,,,
,,,,
,,,,
,,,,
,,,,
,,,,
,,,,
,,,,
,,,,
,,,,
,,,,
,,,,
,,,,
,,,,
,,,,
,,,,
,,,,
,,,,
,,,,
,,,,
,,,,
,,,,
,,,,
,,,,
,,,,
,,,,
,,,,
,,,,
,,,,
,,,,
,,,,
,,,,
,,,,
,,,,
,,,,
,,,,
,,,,
,,,,
,,,,
,,,,
,,,,
,,,,
,,,,
,,,,
,,,,
,,,,
,,,,
,,,,
,,,,
,,,,
,,,,
,,,,
,,,,
,,,,
,,,,
,,,,
,,,,
,,,,
,,,,
,,,,
,,,,
,,,,
,,,,
,,,,
,,,,
,,,,
,,,,
,,,,
,,,,
,,,,
,,,,
,,,,
,,,,
,,,,
,,,,
,,,,
,,,,
,,,,
,,,,
,,,,
,,,,
,,,,
,,,,
,,,,
,,,,
,,,,
,,,,
,,,,
,,,,
,,,,
,,,,
,,,,
,,,,
,,,,
,,,,
,,,,
,,,,
,,,,
,,,,
,,,,
,,,,
,,,,
,,,,
,,,,
,,,,
,,,,
,,,,
,,,,
,,,,
,,,,
,,,,
,,,,
,,,,
,,,,
,,,,
,,,,
,,,,
,,,,
,,,,
,,,,
,,,,
,,,,
,,,,
,,,,
,,,,
,,,,
,,,,
,,,,
,,,,
,,,,
,,,,
,,,,
,,,,
,,,,
,,,,
,,,,
,,,,
,,,,
,,,,
,,,,
,,,,
,,,,
,,,,
,,,,
,,,,
,,,,
,,,,
,,,,
,,,,
,,,,
,,,,
,,,,
,,,,
,,,,
,,,,
,,,,
,,,,
,,,,
,,,,
,,,,
,,,,
,,,,
,,,,
,,,,
,,,,
,,,,
,,,,
,,,,
,,,,
,,,,
,,,,
,,,,
,,,,
,,,,
,,,,
,,,,
,,,,
,,,,
,,,,
,,,,
,,,,
,,,,
,,,,
,,,,
,,,,
,,,,
,,,,
,,,,
,,,,
,,,,
,,,,
,,,,
,,,,
,,,,
,,,,
,,,,
,,,,
,,,,
,,,,
,,,,
,,,,
,,,,
,,,,
,,,,
,,,,
,,,,
,,,,
,,,,
,,,,
,,,,
,,,,
,,,,
,,,,
,,,,
,,,,
,,,,
,,,,
,,,,
,,,,
,,,,
,,,,
,,,,
,,,,
,,,,
,,,,
,,,,
,,,,
,,,,
,,,,
,,,,
,,,,
,,,,
,,,,
,,,,
,,,,
,,,,
,,,,
,,,,
,,,,
,,,,
,,,,
,,,,
,,,,
,,,,
,,,,
,,,,
,,,,
,,,,
,,,,
,,,,
,,,,
,,,,
,,,,
,,,,
,,,,
,,,,
,,,,
,,,,
,,,,
,,,,
,,,,
,,,,
,,,,
,,,,
,,,,
,,,,
,,,,
,,,,
,,,,
,,,,
,,,,
,,,,
,,,,
,,,,
,,,,
,,,,
,,,,
,,,,
,,,,
,,,,
,,,,
,,,,
,,,,
,,,,
,,,,
,,,,
,,,,
,,,,
,,,,
,,,,
,,,,
,,,,
,,,,
,,,,
,,,,
,,,,
,,,,
,,,,
,,,,
,,,,
,,,,
,,,,
,,,,
,,,,
,,,,
,,,,
,,,,
,,,,
,,,,
,,,,
,,,,
,,,,
,,,,
,,,,
,,,,
,,,,
,,,,
,,,,
,,,,
,,,,
,,,,
,,,,
,,,,
,,,,
,,,,
,,,,
,,,,
,,,,
,,,,
,,,,
,,,,
,,,,
,,,,
,,,,
,,,,
,,,,
,,,,
,,,,
,,,,
,,,,
,,,,
,,,,
,,,,
,,,,
,,,,
,,,,
,,,,
,,,,
,,,,
,,,,
,,,,
,,,,
,,,,
,,,,
,,,,
,,,,
,,,,
,,,,
,,,,
,,,,
,,,,
,,,,
,,,,
,,,,
,,,,
,,,,
,,,,
,,,,
,,,,
,,,,
,,,,
,,,,
,,,,
,,,,
,,,,
,,,,
,,,,
,,,,
,,,,
,,,,
,,,,
,,,,
,,,,
,,,,
,,,,
,,,,
,,,,
,,,,
,,,,
,,,,
,,,,
,,,,
,,,,
,,,,
,,,,
,,,,
,,,,
,,,,
,,,,
,,,,
,,,,
,,,,
,,,,
,,,,
,,,,